symbol,cg_n,cg_min,cg_max,bn_raw_n,bn_raw_min,bn_raw_max,bn_hist_n,bn_hist_min,bn_hist_max,fund_n,fund_min,fund_max,cg_to_raw_gap_days,hist_covers_cg_end
0GUSDT,6851,2025-09-17,2026-07-07,0,-,-,0,-,-,0,-,-,,False
1000000BOBUSDT,9186,2025-06-05,2026-06-23,0,-,-,0,-,-,0,-,-,,False
1000000MOGUSDT,14222,2024-11-07,2026-06-23,0,-,-,0,-,-,0,-,-,,False
1000BONKUSDT,22812,2023-11-22,2026-07-07,23852,2023-11-22,2026-08-12,23852,2023-11-22,2026-08-12,5962,2023-11-22,2026-08-12,-957.54,True
1000CHEEMSUSDT,13959,2024-11-25,2026-07-07,0,-,-,0,-,-,0,-,-,,False
1000FLOKIUSDT,27610,2023-05-06,2026-07-07,0,-,-,0,-,-,0,-,-,,False
1000LUNCUSDT,33349,2022-09-09,2026-07-07,0,-,-,0,-,-,0,-,-,,False
1000PEPEUSDT,27634,2023-05-05,2026-07-07,28674,2023-05-05,2026-08-12,28674,2023-05-05,2026-08-12,3585,2023-05-05,2026-08-12,-1158.46,True
1000RATSUSDT,22092,2023-12-15,2026-06-23,0,-,-,0,-,-,0,-,-,,False
1000SATSUSDT,22332,2023-12-12,2026-07-07,0,-,-,0,-,-,0,-,-,,False
1000SHIBUSDT,39394,2021-12-31,2026-07-07,0,-,-,0,-,-,0,-,-,,False
1000XECUSDT,39394,2021-12-31,2026-07-07,0,-,-,0,-,-,0,-,-,,False
1INCHUSDT,39394,2021-12-31,2026-07-07,0,-,-,0,-,-,0,-,-,,False
1MBABYDOGEUSDT,15639,2024-09-16,2026-07-07,0,-,-,0,-,-,0,-,-,,False
2ZUSDT,6494,2025-10-02,2026-07-07,0,-,-,0,-,-,0,-,-,,False
4USDT,6183,2025-10-08,2026-06-23,0,-,-,0,-,-,0,-,-,,False
AAPLUSDT,1861,2026-04-06,2026-06-23,0,-,-,0,-,-,0,-,-,,False
AAVEUSDT,39394,2021-12-31,2026-07-07,51027,2020-10-16,2026-08-12,51027,2020-10-16,2026-08-12,5054,2022-01-01,2026-08-12,-2089.83,True
ACEUSDT,22192,2023-12-18,2026-07-07,0,-,-,0,-,-,0,-,-,,False
ACHUSDT,29364,2023-02-22,2026-07-07,0,-,-,0,-,-,0,-,-,,False
ACUUSDT,3662,2026-01-21,2026-06-23,0,-,-,0,-,-,0,-,-,,False
ACXUSDT,13691,2024-12-06,2026-07-07,0,-,-,0,-,-,0,-,-,,False
ADAUSDT,39394,2021-12-31,2026-07-07,57242,2020-01-31,2026-08-12,57242,2020-01-31,2026-08-12,5054,2022-01-01,2026-08-12,-2348.79,True
AERGOUSDT,10551,2025-03-21,2026-06-23,0,-,-,0,-,-,0,-,-,,False
AEROUSDT,13572,2024-12-04,2026-06-23,0,-,-,0,-,-,0,-,-,,False
AEVOUSDT,20125,2024-03-13,2026-07-07,0,-,-,0,-,-,0,-,-,,False
AGLDUSDT,17962,2024-06-04,2026-06-23,0,-,-,0,-,-,0,-,-,,False
AIAUSDT,3687,2026-01-20,2026-06-23,0,-,-,0,-,-,0,-,-,,False
AIGENSYNUSDT,1308,2026-04-29,2026-06-23,0,-,-,0,-,-,0,-,-,,False
AINUSDT,8344,2025-07-10,2026-06-23,0,-,-,0,-,-,0,-,-,,False
AIOUSDT,7527,2025-08-13,2026-06-23,0,-,-,0,-,-,0,-,-,,False
AKEUSDT,6470,2025-09-26,2026-06-23,0,-,-,0,-,-,0,-,-,,False
ALCHUSDT,12759,2025-01-07,2026-06-23,0,-,-,0,-,-,0,-,-,,False
ALGOUSDT,39394,2021-12-31,2026-07-07,0,-,-,0,-,-,0,-,-,,False
ALICEUSDT,39394,2021-12-31,2026-07-07,0,-,-,0,-,-,0,-,-,,False
ALLOUSDT,5532,2025-11-11,2026-07-07,0,-,-,0,-,-,0,-,-,,False
ALLUSDT,7697,2025-08-06,2026-06-23,0,-,-,0,-,-,0,-,-,,False
ALPINEUSDT,10073,2025-05-06,2026-07-07,0,-,-,0,-,-,0,-,-,,False
AMDUSDT,1141,2026-05-06,2026-06-23,0,-,-,0,-,-,0,-,-,,False
AMZNUSDT,3204,2026-02-09,2026-06-23,0,-,-,0,-,-,0,-,-,,False
ANIMEUSDT,12538,2025-01-23,2026-07-07,0,-,-,0,-,-,0,-,-,,False
ANKRUSDT,39395,2021-12-31,2026-07-07,0,-,-,0,-,-,0,-,-,,False
APEUSDT,37572,2022-03-17,2026-07-07,0,-,-,0,-,-,0,-,-,,False
API3USDT,38136,2022-02-22,2026-07-07,0,-,-,0,-,-,0,-,-,,False
APRUSDT,5825,2025-10-23,2026-06-23,0,-,-,0,-,-,0,-,-,,False
ARBUSDT,28668,2023-03-23,2026-07-07,29707,2023-03-23,2026-08-12,29707,2023-03-23,2026-08-12,3715,2023-03-23,2026-08-12,-1201.5,True
ARCUSDT,12518,2025-01-17,2026-06-23,0,-,-,0,-,-,0,-,-,,False
ASTERUSDT,6807,2025-09-19,2026-07-07,7846,2025-09-19,2026-08-12,7846,2025-09-19,2026-08-12,1961,2025-09-19,2026-08-12,-290.62,True
ATOMUSDT,39395,2021-12-31,2026-07-07,57070,2020-02-07,2026-08-12,57070,2020-02-07,2026-08-12,5054,2022-01-01,2026-08-12,-2341.62,True
AVAXUSDT,39395,2021-12-31,2026-07-07,51579,2020-09-23,2026-08-12,51579,2020-09-23,2026-08-12,5054,2022-01-01,2026-08-12,-2112.83,True
BCHUSDT,39395,2021-12-31,2026-07-07,57970,2020-01-01,2026-08-12,57970,2020-01-01,2026-08-12,5054,2022-01-01,2026-08-12,-2379.12,True
BNBUSDT,38866,2022-01-01,2026-06-08,0,-,-,0,-,-,0,-,-,,False
BSBUSDT,2152,2026-03-25,2026-06-23,0,-,-,0,-,-,0,-,-,,False
BTCUSDT,39387,2022-01-01,2026-07-07,57970,2020-01-01,2026-08-12,57970,2020-01-01,2026-08-12,5054,2022-01-01,2026-08-12,-2379.12,True
BZUSDT,1986,2026-04-01,2026-06-23,3193,2026-04-01,2026-08-12,3193,2026-04-01,2026-08-12,804,2026-03-31,2026-08-12,-82.71,True
CHZUSDT,39395,2021-12-31,2026-07-07,0,-,-,0,-,-,0,-,-,,False
CLUSDT,1986,2026-04-01,2026-06-23,0,-,-,0,-,-,0,-,-,,False
CRCLUSDT,3205,2026-02-09,2026-06-23,4412,2026-02-09,2026-08-12,4412,2026-02-09,2026-08-12,561,2026-02-06,2026-08-12,-133.5,True
CRVUSDT,39395,2021-12-31,2026-07-07,52107,2020-09-01,2026-08-12,52107,2020-09-01,2026-08-12,5054,2022-01-01,2026-08-12,-2134.83,True
DASHUSDT,39395,2021-12-31,2026-07-07,57146,2020-02-04,2026-08-12,57146,2020-02-04,2026-08-12,5054,2022-01-01,2026-08-12,-2344.79,True
DOGEUSDT,39395,2021-12-31,2026-07-07,53377,2020-07-10,2026-08-12,53377,2020-07-10,2026-08-12,5054,2022-01-01,2026-08-12,-2187.75,True
EDGEUSDT,2293,2026-03-19,2026-06-23,0,-,-,0,-,-,0,-,-,,False
ENAUSDT,19647,2024-04-02,2026-07-07,20686,2024-04-02,2026-08-12,20686,2024-04-02,2026-08-12,5170,2024-04-02,2026-08-12,-825.62,True
ESPORTSUSDT,7889,2025-07-29,2026-06-23,9096,2025-07-29,2026-08-12,9096,2025-07-29,2026-08-12,2654,2025-07-29,2026-08-12,-328.67,True
ETCUSDT,39395,2021-12-31,2026-07-07,57602,2020-01-16,2026-08-12,57602,2020-01-16,2026-08-12,5054,2022-01-01,2026-08-12,-2363.79,True
ETHUSDT,39219,2022-01-01,2026-06-23,57970,2020-01-01,2026-08-12,57970,2020-01-01,2026-08-12,5054,2022-01-01,2026-08-12,-2365.08,True
FARTCOINUSDT,13185,2024-12-20,2026-06-23,14392,2024-12-20,2026-08-12,14392,2024-12-20,2026-08-12,3597,2024-12-20,2026-08-12,-549.33,True
FFUSDT,6398,2025-09-29,2026-06-23,7605,2025-09-29,2026-08-12,7605,2025-09-29,2026-08-12,1901,2025-09-29,2026-08-12,-266.54,True
FILUSDT,39395,2021-12-31,2026-07-07,51028,2020-10-16,2026-08-12,51028,2020-10-16,2026-08-12,5054,2022-01-01,2026-08-12,-2089.88,True
GRASSUSDT,14196,2024-11-08,2026-06-23,15403,2024-11-08,2026-08-12,15403,2024-11-08,2026-08-12,3850,2024-11-08,2026-08-12,-591.46,True
HBARUSDT,39395,2021-12-31,2026-07-07,47379,2021-03-17,2026-08-12,47379,2021-03-17,2026-08-12,5054,2022-01-01,2026-08-12,-1937.83,True
HUSDT,8706,2025-06-25,2026-06-23,9913,2025-06-25,2026-08-12,9913,2025-06-25,2026-08-12,2893,2025-06-25,2026-08-12,-362.71,True
HYPEUSDT,9329,2025-05-30,2026-06-23,0,-,-,0,-,-,0,-,-,,False
ICPUSDT,32929,2022-09-27,2026-07-07,33968,2022-09-27,2026-08-12,33968,2022-09-27,2026-08-12,5054,2022-01-01,2026-08-12,-1379.04,True
INJUSDT,33913,2022-08-17,2026-07-07,34952,2022-08-17,2026-08-12,34952,2022-08-17,2026-08-12,4371,2022-08-16,2026-08-12,-1420.04,True
INTCUSDT,3373,2026-02-02,2026-06-23,4580,2026-02-02,2026-08-12,4580,2026-02-02,2026-08-12,574,2026-02-02,2026-08-12,-140.5,True
KITEUSDT,5681,2025-10-29,2026-06-23,6888,2025-10-29,2026-08-12,6888,2025-10-29,2026-08-12,1721,2025-10-29,2026-08-12,-236.67,True
LABUSDT,5965,2025-10-17,2026-06-23,7172,2025-10-17,2026-08-12,7172,2025-10-17,2026-08-12,2181,2025-10-17,2026-08-12,-248.5,True
LDOUSDT,33039,2022-09-22,2026-07-07,34078,2022-09-22,2026-08-12,34078,2022-09-22,2026-08-12,4261,2022-09-22,2026-08-12,-1383.62,True
LINKUSDT,39395,2021-12-31,2026-07-07,57578,2020-01-17,2026-08-12,57578,2020-01-17,2026-08-12,5054,2022-01-01,2026-08-12,-2362.79,True
LTCUSDT,39395,2021-12-31,2026-07-07,57770,2020-01-09,2026-08-12,57770,2020-01-09,2026-08-12,5054,2022-01-01,2026-08-12,-2370.79,True
MONUSDT,6140,2025-10-10,2026-06-23,7347,2025-10-10,2026-08-12,7347,2025-10-10,2026-08-12,1836,2025-10-10,2026-08-12,-255.79,True
MUSDT,8418,2025-07-07,2026-06-23,9625,2025-07-07,2026-08-12,9625,2025-07-07,2026-08-12,3335,2025-07-07,2026-08-12,-350.71,True
MUUSDT,1838,2026-04-07,2026-06-23,3045,2026-04-07,2026-08-12,3045,2026-04-07,2026-08-12,387,2026-04-07,2026-08-12,-76.54,True
NEARUSDT,39395,2021-12-31,2026-07-07,0,-,-,0,-,-,0,-,-,,False
NVDAUSDT,2125,2026-03-26,2026-06-23,3332,2026-03-26,2026-08-12,3332,2026-03-26,2026-08-12,430,2026-03-25,2026-08-12,-88.5,True
ONDOUSDT,21398,2024-01-20,2026-07-07,22437,2024-01-20,2026-08-12,22437,2024-01-20,2026-08-12,5608,2024-01-20,2026-08-12,-898.58,True
OPUSDT,35749,2022-06-01,2026-07-07,36788,2022-06-01,2026-08-12,36788,2022-06-01,2026-08-12,4600,2022-06-01,2026-08-12,-1496.54,True
ORDIUSDT,23175,2023-11-07,2026-07-07,24214,2023-11-07,2026-08-12,24214,2023-11-07,2026-08-12,6052,2023-11-07,2026-08-12,-972.62,True
PAXGUSDT,11033,2025-03-27,2026-07-07,12072,2025-03-27,2026-08-12,12072,2025-03-27,2026-08-12,3018,2025-03-27,2026-08-12,-466.71,True
PENDLEUSDT,25633,2023-07-28,2026-07-07,26672,2023-07-28,2026-08-12,26672,2023-07-28,2026-08-12,3342,2023-07-25,2026-08-12,-1075.04,True
PENGUUSDT,13427,2024-12-17,2026-07-07,14466,2024-12-17,2026-08-12,14466,2024-12-17,2026-08-12,3616,2024-12-17,2026-08-12,-566.46,True
POLUSDT,15711,2024-09-13,2026-07-07,16750,2024-09-13,2026-08-12,16750,2024-09-13,2026-08-12,4186,2024-09-13,2026-08-12,-661.62,True
PUMPUSDT,8516,2025-07-10,2026-07-07,9555,2025-07-10,2026-08-12,9555,2025-07-10,2026-08-12,2795,2025-04-12,2026-08-12,-361.83,True
RAVEUSDT,4572,2025-12-14,2026-06-23,5779,2025-12-14,2026-08-12,5779,2025-12-14,2026-08-12,1654,2025-12-14,2026-08-12,-190.46,True
RENDERUSDT,16889,2024-07-26,2026-07-07,17928,2024-07-26,2026-08-12,17928,2024-07-26,2026-08-12,4481,2024-07-26,2026-08-12,-710.71,True
RIVERUSDT,5965,2025-10-17,2026-06-23,7172,2025-10-17,2026-08-12,7172,2025-10-17,2026-08-12,2825,2025-10-17,2026-08-12,-248.5,True
SAHARAUSDT,8847,2025-06-26,2026-07-07,0,-,-,0,-,-,0,-,-,,False
SEIUSDT,25153,2023-08-17,2026-07-07,0,-,-,0,-,-,0,-,-,,False
SKYAIUSDT,9738,2025-05-13,2026-06-23,10945,2025-05-13,2026-08-12,10945,2025-05-13,2026-08-12,2735,2025-05-13,2026-08-12,-405.71,True
SNDKUSDT,1838,2026-04-07,2026-06-23,3045,2026-04-07,2026-08-12,3045,2026-04-07,2026-08-12,382,2026-04-07,2026-08-12,-76.54,True
SOLUSDT,39395,2021-12-31,2026-07-07,51795,2020-09-14,2026-08-12,51795,2020-09-14,2026-08-12,5129,2022-01-01,2026-08-12,-2121.83,True
SPCXUSDT,791,2026-05-21,2026-06-23,1998,2026-05-21,2026-08-12,1998,2026-05-21,2026-08-12,249,2026-05-21,2026-08-12,-32.92,True
SUIUSDT,27683,2023-05-03,2026-07-07,28722,2023-05-03,2026-08-12,28722,2023-05-03,2026-08-12,3591,2023-05-03,2026-08-12,-1160.46,True
TAOUSDT,19429,2024-04-11,2026-07-07,0,-,-,0,-,-,0,-,-,,False
TIAUSDT,23337,2023-10-31,2026-07-07,24376,2023-10-31,2026-08-12,24376,2023-10-31,2026-08-12,6093,2023-10-31,2026-08-12,-979.38,True
TONUSDT,20415,2024-03-01,2026-06-30,0,-,-,0,-,-,0,-,-,,False
TRUMPUSDT,12662,2025-01-18,2026-07-07,13701,2025-01-18,2026-08-12,13701,2025-01-18,2026-08-12,3424,2025-01-18,2026-08-12,-534.58,True
TRXUSDT,39395,2021-12-31,2026-07-07,57626,2020-01-15,2026-08-12,57626,2020-01-15,2026-08-12,5054,2022-01-01,2026-08-12,-2364.79,True
TSLAUSDT,3493,2026-01-28,2026-06-23,4700,2026-01-28,2026-08-12,4700,2026-01-28,2026-08-12,600,2026-01-27,2026-08-12,-145.5,True
UBUSDT,6809,2025-09-12,2026-06-23,8016,2025-09-12,2026-08-12,8016,2025-09-12,2026-08-12,2003,2025-09-12,2026-08-12,-283.67,True
UNIUSDT,39395,2021-12-31,2026-07-07,51699,2020-09-18,2026-08-12,51699,2020-09-18,2026-08-12,5054,2022-01-01,2026-08-12,-2117.83,True
VIRTUALUSDT,13599,2024-12-10,2026-07-07,14638,2024-12-10,2026-08-12,14638,2024-12-10,2026-08-12,3658,2024-12-10,2026-08-12,-573.62,True
VVVUSDT,12235,2025-01-29,2026-06-23,13442,2025-01-29,2026-08-12,13442,2025-01-29,2026-08-12,3360,2025-01-29,2026-08-12,-509.75,True
WIFUSDT,21445,2024-01-18,2026-07-07,22484,2024-01-18,2026-08-12,22484,2024-01-18,2026-08-12,5620,2024-01-18,2026-08-12,-900.54,True
WLDUSDT,25719,2023-07-24,2026-07-07,26758,2023-07-24,2026-08-12,26758,2023-07-24,2026-08-12,3345,2023-07-24,2026-08-12,-1078.62,True
WLFIUSDT,7459,2025-08-23,2026-07-07,8498,2025-08-23,2026-08-12,8498,2025-08-23,2026-08-12,2123,2025-08-23,2026-08-12,-317.79,True
XAGUSDT,4001,2026-01-07,2026-06-23,5208,2026-01-07,2026-08-12,5208,2026-01-07,2026-08-12,1302,2026-01-07,2026-08-12,-166.67,True
XAUUSDT,4651,2025-12-11,2026-06-23,5858,2025-12-11,2026-08-12,5858,2025-12-11,2026-08-12,1464,2025-12-11,2026-08-12,-193.75,True
XLMUSDT,39395,2021-12-31,2026-07-07,57506,2020-01-20,2026-08-12,57506,2020-01-20,2026-08-12,5054,2022-01-01,2026-08-12,-2359.79,True
XMRUSDT,36694,2021-12-31,2026-06-23,57170,2020-02-03,2026-08-12,57170,2020-02-03,2026-08-12,5054,2022-01-01,2026-08-12,-2331.75,True
XPLUSDT,7482,2025-08-22,2026-07-07,8521,2025-08-22,2026-08-12,8521,2025-08-22,2026-08-12,2129,2025-08-22,2026-08-12,-318.75,True
ZECUSDT,39395,2021-12-31,2026-07-07,0,-,-,0,-,-,0,-,-,,False
ZROUSDT,17749,2024-06-20,2026-07-07,0,-,-,0,-,-,0,-,-,,False
