dim,symbol,base,is_delisted,time_col,n,min_date,max_date,max_gap_hours,gap_bars_gt2h
klines,0GUSDT,0G,False,open_time,6851,2025-09-17,2026-07-07,171.0,1
klines,1000000BOBUSDT,BOB,True,open_time,9186,2025-06-05,2026-06-23,1.0,0
klines,1000000MOGUSDT,MOG,True,open_time,14222,2024-11-07,2026-06-23,1.0,0
klines,1000BONKUSDT,BONK,False,open_time,22812,2023-11-22,2026-07-07,171.0,1
klines,1000CHEEMSUSDT,CHEEMS,False,open_time,13959,2024-11-25,2026-07-07,171.0,1
klines,1000FLOKIUSDT,FLOKI,False,open_time,27610,2023-05-06,2026-07-07,171.0,1
klines,1000LUNCUSDT,LUNC,True,open_time,33349,2022-09-09,2026-07-07,171.0,1
klines,1000PEPEUSDT,PEPE,True,open_time,27634,2023-05-05,2026-07-07,171.0,1
klines,1000RATSUSDT,RATS,False,open_time,22092,2023-12-15,2026-06-23,1.0,0
klines,1000SATSUSDT,SATS,False,open_time,22332,2023-12-12,2026-07-07,171.0,1
klines,1000SHIBUSDT,SHIB,False,open_time,39394,2021-12-31,2026-07-07,171.0,1
klines,1000XECUSDT,XEC,False,open_time,39394,2021-12-31,2026-07-07,171.0,1
klines,1INCHUSDT,1INCH,True,open_time,39394,2021-12-31,2026-07-07,171.0,1
klines,1MBABYDOGEUSDT,1MBABYDOGE,False,open_time,15639,2024-09-16,2026-07-07,171.0,1
klines,2ZUSDT,2Z,False,open_time,6494,2025-10-02,2026-07-07,171.0,1
klines,4USDT,4,False,open_time,6183,2025-10-08,2026-06-23,1.0,0
klines,AAPLUSDT,AAPL,False,open_time,1861,2026-04-06,2026-06-23,1.0,0
klines,AAVEUSDT,AAVE,False,open_time,39394,2021-12-31,2026-07-07,171.0,1
klines,ACEUSDT,ACE,True,open_time,22192,2023-12-18,2026-07-07,171.0,1
klines,ACHUSDT,ACH,False,open_time,29364,2023-02-22,2026-07-07,171.0,1
klines,ACUUSDT,ACU,False,open_time,3662,2026-01-21,2026-06-23,1.0,0
klines,ACXUSDT,ACX,False,open_time,13691,2024-12-06,2026-07-07,171.0,1
klines,ADAUSDT,ADA,True,open_time,39394,2021-12-31,2026-07-07,171.0,1
klines,AERGOUSDT,AERGO,False,open_time,10551,2025-03-21,2026-06-23,465.0,1
klines,AEROUSDT,AERO,False,open_time,13572,2024-12-04,2026-06-23,1.0,0
klines,AEVOUSDT,AEVO,False,open_time,20125,2024-03-13,2026-07-07,171.0,1
klines,AGLDUSDT,AGLD,False,open_time,17962,2024-06-04,2026-06-23,1.0,0
klines,AIAUSDT,AIA,True,open_time,3687,2026-01-20,2026-06-23,1.0,0
klines,AIGENSYNUSDT,AIGENSYN,False,open_time,1308,2026-04-29,2026-06-23,1.0,0
klines,AINUSDT,AIN,True,open_time,8344,2025-07-10,2026-06-23,1.0,0
klines,AIOUSDT,AIO,False,open_time,7527,2025-08-13,2026-06-23,1.0,0
klines,AKEUSDT,AKE,False,open_time,6470,2025-09-26,2026-06-23,1.0,0
klines,ALCHUSDT,ALCH,True,open_time,12759,2025-01-07,2026-06-23,1.0,0
klines,ALGOUSDT,ALGO,True,open_time,39394,2021-12-31,2026-07-07,171.0,1
klines,ALICEUSDT,ALICE,False,open_time,39394,2021-12-31,2026-07-07,171.0,1
klines,ALLOUSDT,ALLO,False,open_time,5532,2025-11-11,2026-07-07,171.0,1
klines,ALLUSDT,ALL,False,open_time,7697,2025-08-06,2026-06-23,1.0,0
klines,ALPINEUSDT,ALPINE,False,open_time,10073,2025-05-06,2026-07-07,171.0,1
klines,AMDUSDT,AMD,False,open_time,1141,2026-05-06,2026-06-23,1.0,0
klines,AMZNUSDT,AMZN,False,open_time,3204,2026-02-09,2026-06-23,1.0,0
klines,ANIMEUSDT,ANIME,False,open_time,12538,2025-01-23,2026-07-07,170.0,1
klines,ANKRUSDT,ANKR,False,open_time,39395,2021-12-31,2026-07-07,170.0,1
klines,APEUSDT,APE,True,open_time,37572,2022-03-17,2026-07-07,170.0,1
klines,API3USDT,API3,False,open_time,38136,2022-02-22,2026-07-07,170.0,1
klines,APRUSDT,APR,False,open_time,5825,2025-10-23,2026-06-23,1.0,0
klines,ARBUSDT,ARB,False,open_time,28668,2023-03-23,2026-07-07,170.0,1
klines,ARCUSDT,ARC,True,open_time,12518,2025-01-17,2026-06-23,1.0,0
klines,ASTERUSDT,ASTER,True,open_time,6807,2025-09-19,2026-07-07,170.0,1
klines,ATOMUSDT,ATOM,True,open_time,39395,2021-12-31,2026-07-07,170.0,1
klines,AVAXUSDT,AVAX,False,open_time,39395,2021-12-31,2026-07-07,170.0,1
klines,BCHUSDT,BCH,True,open_time,39395,2021-12-31,2026-07-07,170.0,1
klines,BNBUSDT,BNB,True,open_time,38866,2022-01-01,2026-06-08,1.0,0
klines,BSBUSDT,BSB,False,open_time,2152,2026-03-25,2026-06-23,1.0,0
klines,BTCUSDT,BTC,True,open_time,39387,2022-01-01,2026-07-07,170.0,1
klines,BZUSDT,BZ,True,open_time,1986,2026-04-01,2026-06-23,1.0,0
klines,CHZUSDT,CHZ,True,open_time,39395,2021-12-31,2026-07-07,170.0,1
klines,CLUSDT,CL,True,open_time,1986,2026-04-01,2026-06-23,1.0,0
klines,CRCLUSDT,CRCL,False,open_time,3205,2026-02-09,2026-06-23,1.0,0
klines,CRVUSDT,CRV,True,open_time,39395,2021-12-31,2026-07-07,170.0,1
klines,DASHUSDT,DASH,True,open_time,39395,2021-12-31,2026-07-07,170.0,1
klines,DOGEUSDT,DOGE,True,open_time,39395,2021-12-31,2026-07-07,170.0,1
klines,EDGEUSDT,EDGE,False,open_time,2293,2026-03-19,2026-06-23,1.0,0
klines,ENAUSDT,ENA,False,open_time,19647,2024-04-02,2026-07-07,170.0,1
klines,ESPORTSUSDT,ESPORTS,False,open_time,7889,2025-07-29,2026-06-23,1.0,0
klines,ETCUSDT,ETC,False,open_time,39395,2021-12-31,2026-07-07,170.0,1
klines,ETHUSDT,ETH,True,open_time,39219,2022-01-01,2026-06-23,1.0,0
klines,FARTCOINUSDT,FARTCOIN,False,open_time,13185,2024-12-20,2026-06-23,1.0,0
klines,FFUSDT,FF,False,open_time,6398,2025-09-29,2026-06-23,1.0,0
klines,FILUSDT,FIL,True,open_time,39395,2021-12-31,2026-07-07,170.0,1
klines,GRASSUSDT,GRASS,False,open_time,14196,2024-11-08,2026-06-23,1.0,0
klines,HBARUSDT,HBAR,False,open_time,39395,2021-12-31,2026-07-07,170.0,1
klines,HUSDT,H,False,open_time,8706,2025-06-25,2026-06-23,1.0,0
klines,HYPEUSDT,HYPE,True,open_time,9329,2025-05-30,2026-06-23,1.0,0
klines,ICPUSDT,ICP,False,open_time,32929,2022-09-27,2026-07-07,170.0,1
klines,INJUSDT,INJ,False,open_time,33913,2022-08-17,2026-07-07,170.0,1
klines,INTCUSDT,INTC,False,open_time,3373,2026-02-02,2026-06-23,1.0,0
klines,KITEUSDT,KITE,False,open_time,5681,2025-10-29,2026-06-23,1.0,0
klines,LABUSDT,LAB,False,open_time,5965,2025-10-17,2026-06-23,1.0,0
klines,LDOUSDT,LDO,True,open_time,33039,2022-09-22,2026-07-07,170.0,1
klines,LINKUSDT,LINK,True,open_time,39395,2021-12-31,2026-07-07,170.0,1
klines,LTCUSDT,LTC,True,open_time,39395,2021-12-31,2026-07-07,170.0,1
klines,MONUSDT,MON,False,open_time,6140,2025-10-10,2026-06-23,1.0,0
klines,MUSDT,M,False,open_time,8418,2025-07-07,2026-06-23,1.0,0
klines,MUUSDT,MU,False,open_time,1838,2026-04-07,2026-06-23,1.0,0
klines,NEARUSDT,NEAR,False,open_time,39395,2021-12-31,2026-07-07,170.0,1
klines,NVDAUSDT,NVDA,False,open_time,2125,2026-03-26,2026-06-23,1.0,0
klines,ONDOUSDT,ONDO,False,open_time,21398,2024-01-20,2026-07-07,170.0,1
klines,OPUSDT,OP,True,open_time,35749,2022-06-01,2026-07-07,170.0,1
klines,ORDIUSDT,ORDI,False,open_time,23175,2023-11-07,2026-07-07,170.0,1
klines,PAXGUSDT,PAXG,False,open_time,11033,2025-03-27,2026-07-07,170.0,1
klines,PENDLEUSDT,PENDLE,False,open_time,25633,2023-07-28,2026-07-07,170.0,1
klines,PENGUUSDT,PENGU,False,open_time,13427,2024-12-17,2026-07-07,170.0,1
klines,POLUSDT,POL,False,open_time,15711,2024-09-13,2026-07-07,170.0,1
klines,PUMPUSDT,PUMP,True,open_time,8516,2025-07-10,2026-07-07,170.0,1
klines,RAVEUSDT,RAVE,False,open_time,4572,2025-12-14,2026-06-23,1.0,0
klines,RENDERUSDT,RENDER,False,open_time,16889,2024-07-26,2026-07-07,170.0,1
klines,RIVERUSDT,RIVER,True,open_time,5965,2025-10-17,2026-06-23,1.0,0
klines,SAHARAUSDT,SAHARA,False,open_time,8847,2025-06-26,2026-07-07,170.0,1
klines,SEIUSDT,SEI,False,open_time,25153,2023-08-17,2026-07-07,170.0,1
klines,SKYAIUSDT,SKYAI,True,open_time,9738,2025-05-13,2026-06-23,1.0,0
klines,SNDKUSDT,SNDK,False,open_time,1838,2026-04-07,2026-06-23,1.0,0
klines,SOLUSDT,SOL,True,open_time,39395,2021-12-31,2026-07-07,170.0,1
klines,SPCXUSDT,SPCX,False,open_time,791,2026-05-21,2026-06-23,1.0,0
klines,SUIUSDT,SUI,True,open_time,27683,2023-05-03,2026-07-07,170.0,1
klines,TAOUSDT,TAO,True,open_time,19429,2024-04-11,2026-07-07,170.0,1
klines,TIAUSDT,TIA,False,open_time,23337,2023-10-31,2026-07-07,170.0,1
klines,TONUSDT,TON,True,open_time,20415,2024-03-01,2026-06-30,1.0,0
klines,TRUMPUSDT,TRUMP,False,open_time,12662,2025-01-18,2026-07-07,170.0,1
klines,TRXUSDT,TRX,True,open_time,39395,2021-12-31,2026-07-07,170.0,1
klines,TSLAUSDT,TSLA,False,open_time,3493,2026-01-28,2026-06-23,1.0,0
klines,UBUSDT,UB,False,open_time,6809,2025-09-12,2026-06-23,1.0,0
klines,UNIUSDT,UNI,False,open_time,39395,2021-12-31,2026-07-07,170.0,1
klines,VIRTUALUSDT,VIRTUAL,False,open_time,13599,2024-12-10,2026-07-07,170.0,1
klines,VVVUSDT,VVV,False,open_time,12235,2025-01-29,2026-06-23,1.0,0
klines,WIFUSDT,WIF,True,open_time,21445,2024-01-18,2026-07-07,170.0,1
klines,WLDUSDT,WLD,True,open_time,25719,2023-07-24,2026-07-07,170.0,1
klines,WLFIUSDT,WLFI,False,open_time,7459,2025-08-23,2026-07-07,170.0,1
klines,XAGUSDT,XAG,True,open_time,4001,2026-01-07,2026-06-23,1.0,0
klines,XAUUSDT,XAU,True,open_time,4651,2025-12-11,2026-06-23,1.0,0
klines,XLMUSDT,XLM,True,open_time,39395,2021-12-31,2026-07-07,170.0,1
klines,XMRUSDT,XMR,True,open_time,36694,2021-12-31,2026-06-23,2534.0,1
klines,XPLUSDT,XPL,True,open_time,7482,2025-08-22,2026-07-07,170.0,1
klines,ZECUSDT,ZEC,True,open_time,39395,2021-12-31,2026-07-07,170.0,1
klines,ZROUSDT,ZRO,False,open_time,17749,2024-06-20,2026-07-07,170.0,1
oi_ohlc,0GUSDT,0G,False,time,6028,2025-09-17,2026-05-26,1.0,0
oi_ohlc,1000000BOBUSDT,BOB,True,time,8531,2025-06-05,2026-05-26,1.0,0
oi_ohlc,1000000MOGUSDT,MOG,True,time,13567,2024-11-07,2026-05-26,1.0,0
oi_ohlc,1000BONKUSDT,BONK,False,time,17280,2024-06-05,2026-05-26,1.0,0
oi_ohlc,1000CHEEMSUSDT,CHEEMS,False,time,13136,2024-11-25,2026-05-26,1.0,0
oi_ohlc,1000FLOKIUSDT,FLOKI,False,time,17280,2024-06-05,2026-05-26,1.0,0
oi_ohlc,1000LUNCUSDT,LUNC,True,time,17280,2024-06-05,2026-05-26,1.0,0
oi_ohlc,1000PEPEUSDT,PEPE,True,time,17280,2024-06-05,2026-05-26,1.0,0
oi_ohlc,1000RATSUSDT,RATS,False,time,17280,2024-06-05,2026-05-26,1.0,0
oi_ohlc,1000SATSUSDT,SATS,False,time,17280,2024-06-05,2026-05-26,1.0,0
oi_ohlc,1000SHIBUSDT,SHIB,False,time,17280,2024-06-05,2026-05-26,1.0,0
oi_ohlc,1000XECUSDT,XEC,False,time,17280,2024-06-05,2026-05-26,1.0,0
oi_ohlc,1INCHUSDT,1INCH,True,time,17280,2024-06-05,2026-05-26,1.0,0
oi_ohlc,1MBABYDOGEUSDT,1MBABYDOGE,False,time,14816,2024-09-16,2026-05-26,1.0,0
oi_ohlc,2ZUSDT,2Z,False,time,5671,2025-10-02,2026-05-26,1.0,0
oi_ohlc,4USDT,4,False,time,5528,2025-10-08,2026-05-26,1.0,0
oi_ohlc,AAPLUSDT,AAPL,False,time,1206,2026-04-06,2026-05-26,1.0,0
oi_ohlc,AAVEUSDT,AAVE,False,time,17280,2024-06-05,2026-05-26,1.0,0
oi_ohlc,ACEUSDT,ACE,True,time,17280,2024-06-05,2026-05-26,1.0,0
oi_ohlc,ACHUSDT,ACH,False,time,17280,2024-06-05,2026-05-26,1.0,0
oi_ohlc,ACUUSDT,ACU,False,time,3007,2026-01-21,2026-05-26,1.0,0
oi_ohlc,ACXUSDT,ACX,False,time,12868,2024-12-06,2026-05-26,1.0,0
oi_ohlc,ADAUSDT,ADA,True,time,17280,2024-06-05,2026-05-26,1.0,0
oi_ohlc,AERGOUSDT,AERGO,False,time,14959,2024-09-10,2026-05-26,1.0,0
oi_ohlc,AEROUSDT,AERO,False,time,12917,2024-12-04,2026-05-26,1.0,0
oi_ohlc,AEVOUSDT,AEVO,False,time,17280,2024-06-05,2026-05-26,1.0,0
oi_ohlc,AGLDUSDT,AGLD,False,time,17280,2024-06-05,2026-05-26,1.0,0
oi_ohlc,AIAUSDT,AIA,True,time,6011,2025-09-18,2026-05-26,1.0,0
oi_ohlc,AIGENSYNUSDT,AIGENSYN,False,time,653,2026-04-29,2026-05-26,1.0,0
oi_ohlc,AINUSDT,AIN,True,time,7689,2025-07-10,2026-05-26,1.0,0
oi_ohlc,AIOUSDT,AIO,False,time,6872,2025-08-13,2026-05-26,1.0,0
oi_ohlc,AKEUSDT,AKE,False,time,5815,2025-09-26,2026-05-26,1.0,0
oi_ohlc,ALCHUSDT,ALCH,True,time,12104,2025-01-07,2026-05-26,1.0,0
oi_ohlc,ALGOUSDT,ALGO,True,time,17280,2024-06-05,2026-05-26,1.0,0
oi_ohlc,ALICEUSDT,ALICE,False,time,17280,2024-06-05,2026-05-26,1.0,0
oi_ohlc,ALLOUSDT,ALLO,False,time,4710,2025-11-11,2026-05-26,1.0,0
oi_ohlc,ALLUSDT,ALL,False,time,7043,2025-08-06,2026-05-26,1.0,0
oi_ohlc,ALPINEUSDT,ALPINE,False,time,9251,2025-05-06,2026-05-26,1.0,0
oi_ohlc,AMDUSDT,AMD,False,time,487,2026-05-06,2026-05-26,1.0,0
oi_ohlc,AMZNUSDT,AMZN,False,time,2550,2026-02-09,2026-05-26,1.0,0
oi_ohlc,ANIMEUSDT,ANIME,False,time,11715,2025-01-23,2026-05-26,1.0,0
oi_ohlc,ANKRUSDT,ANKR,False,time,17280,2024-06-05,2026-05-26,1.0,0
oi_ohlc,APEUSDT,APE,True,time,17280,2024-06-05,2026-05-26,1.0,0
oi_ohlc,API3USDT,API3,False,time,17280,2024-06-05,2026-05-26,1.0,0
oi_ohlc,APRUSDT,APR,False,time,5170,2025-10-23,2026-05-26,1.0,0
oi_ohlc,ARBUSDT,ARB,False,time,17280,2024-06-05,2026-05-26,1.0,0
oi_ohlc,ARCUSDT,ARC,True,time,11863,2025-01-17,2026-05-26,1.0,0
oi_ohlc,ASTERUSDT,ASTER,True,time,5981,2025-09-19,2026-05-26,1.0,0
oi_ohlc,ATOMUSDT,ATOM,True,time,17280,2024-06-05,2026-05-26,1.0,0
oi_ohlc,AVAXUSDT,AVAX,False,time,17280,2024-06-05,2026-05-26,1.0,0
oi_ohlc,BCHUSDT,BCH,True,time,17280,2024-06-05,2026-05-26,1.0,0
oi_ohlc,BSBUSDT,BSB,False,time,1493,2026-03-25,2026-05-26,1.0,0
oi_ohlc,BTCUSDT,BTC,True,time,17280,2024-06-05,2026-05-26,1.0,0
oi_ohlc,BZUSDT,BZ,True,time,1328,2026-04-01,2026-05-26,1.0,0
oi_ohlc,CHZUSDT,CHZ,True,time,17280,2024-06-05,2026-05-26,1.0,0
oi_ohlc,CLUSDT,CL,True,time,1327,2026-04-01,2026-05-26,1.0,0
oi_ohlc,CRCLUSDT,CRCL,False,time,2549,2026-02-09,2026-05-26,1.0,0
oi_ohlc,CRVUSDT,CRV,True,time,17280,2024-06-05,2026-05-26,1.0,0
oi_ohlc,DASHUSDT,DASH,True,time,17280,2024-06-05,2026-05-26,1.0,0
oi_ohlc,DOGEUSDT,DOGE,True,time,17280,2024-06-05,2026-05-26,1.0,0
oi_ohlc,EDGEUSDT,EDGE,False,time,1637,2026-03-19,2026-05-26,1.0,0
oi_ohlc,ENAUSDT,ENA,False,time,17280,2024-06-05,2026-05-26,1.0,0
oi_ohlc,ESPORTSUSDT,ESPORTS,False,time,7230,2025-07-29,2026-05-26,1.0,0
oi_ohlc,ETCUSDT,ETC,False,time,17280,2024-06-05,2026-05-26,1.0,0
oi_ohlc,ETHUSDT,ETH,True,time,17280,2024-06-05,2026-05-26,1.0,0
oi_ohlc,FARTCOINUSDT,FARTCOIN,False,time,12528,2024-12-20,2026-05-26,1.0,0
oi_ohlc,FFUSDT,FF,False,time,5742,2025-09-29,2026-05-26,1.0,0
oi_ohlc,FILUSDT,FIL,True,time,17280,2024-06-05,2026-05-26,1.0,0
oi_ohlc,GRASSUSDT,GRASS,False,time,13538,2024-11-08,2026-05-26,1.0,0
oi_ohlc,HBARUSDT,HBAR,False,time,17280,2024-06-05,2026-05-26,1.0,0
oi_ohlc,HUSDT,H,False,time,8049,2025-06-25,2026-05-26,1.0,0
oi_ohlc,HYPEUSDT,HYPE,True,time,8670,2025-05-30,2026-05-26,1.0,0
oi_ohlc,ICPUSDT,ICP,False,time,17280,2024-06-05,2026-05-26,1.0,0
oi_ohlc,INJUSDT,INJ,False,time,17280,2024-06-05,2026-05-26,1.0,0
oi_ohlc,INTCUSDT,INTC,False,time,2716,2026-02-02,2026-05-26,1.0,0
oi_ohlc,KITEUSDT,KITE,False,time,5025,2025-10-29,2026-05-26,1.0,0
oi_ohlc,LABUSDT,LAB,False,time,5307,2025-10-17,2026-05-26,1.0,0
oi_ohlc,LDOUSDT,LDO,True,time,17280,2024-06-05,2026-05-26,1.0,0
oi_ohlc,LINKUSDT,LINK,True,time,17279,2024-06-05,2026-05-26,1.0,0
oi_ohlc,LTCUSDT,LTC,True,time,17280,2024-06-05,2026-05-26,1.0,0
oi_ohlc,MONUSDT,MON,False,time,5483,2025-10-10,2026-05-26,1.0,0
oi_ohlc,MUSDT,M,False,time,7762,2025-07-07,2026-05-26,1.0,0
oi_ohlc,MUUSDT,MU,False,time,1180,2026-04-07,2026-05-26,1.0,0
oi_ohlc,NEARUSDT,NEAR,False,time,17280,2024-06-05,2026-05-26,1.0,0
oi_ohlc,NVDAUSDT,NVDA,False,time,1468,2026-03-26,2026-05-26,1.0,0
oi_ohlc,ONDOUSDT,ONDO,False,time,17280,2024-06-05,2026-05-26,1.0,0
oi_ohlc,OPUSDT,OP,True,time,17280,2024-06-05,2026-05-26,1.0,0
oi_ohlc,ORDIUSDT,ORDI,False,time,17280,2024-06-05,2026-05-26,1.0,0
oi_ohlc,PAXGUSDT,PAXG,False,time,10207,2025-03-27,2026-05-26,1.0,0
oi_ohlc,PENDLEUSDT,PENDLE,False,time,17280,2024-06-05,2026-05-26,1.0,0
oi_ohlc,PENGUUSDT,PENGU,False,time,12601,2024-12-17,2026-05-26,1.0,0
oi_ohlc,POLUSDT,POL,False,time,14886,2024-09-13,2026-05-26,1.0,0
oi_ohlc,PUMPUSDT,PUMP,True,time,9820,2025-04-12,2026-05-26,1.0,0
oi_ohlc,RAVEUSDT,RAVE,False,time,3915,2025-12-14,2026-05-26,1.0,0
oi_ohlc,RENDERUSDT,RENDER,False,time,16063,2024-07-26,2026-05-26,1.0,0
oi_ohlc,RIVERUSDT,RIVER,True,time,5308,2025-10-17,2026-05-26,1.0,0
oi_ohlc,SAHARAUSDT,SAHARA,False,time,8022,2025-06-26,2026-05-26,1.0,0
oi_ohlc,SEIUSDT,SEI,False,time,17280,2024-06-05,2026-05-26,1.0,0
oi_ohlc,SKYAIUSDT,SKYAI,True,time,9081,2025-05-13,2026-05-26,1.0,0
oi_ohlc,SNDKUSDT,SNDK,False,time,1181,2026-04-07,2026-05-26,1.0,0
oi_ohlc,SOLUSDT,SOL,True,time,17280,2024-06-05,2026-05-26,1.0,0
oi_ohlc,SPCXUSDT,SPCX,False,time,135,2026-05-21,2026-05-26,1.0,0
oi_ohlc,SUIUSDT,SUI,True,time,17280,2024-06-05,2026-05-26,1.0,0
oi_ohlc,TAOUSDT,TAO,True,time,17280,2024-06-05,2026-05-26,1.0,0
oi_ohlc,TIAUSDT,TIA,False,time,17280,2024-06-05,2026-05-26,1.0,0
oi_ohlc,TONUSDT,TON,True,time,17280,2024-06-05,2026-05-26,1.0,0
oi_ohlc,TRUMPUSDT,TRUMP,False,time,11837,2025-01-18,2026-05-26,1.0,0
oi_ohlc,TRXUSDT,TRX,True,time,17280,2024-06-05,2026-05-26,1.0,0
oi_ohlc,TSLAUSDT,TSLA,False,time,2837,2026-01-28,2026-05-26,1.0,0
oi_ohlc,UBUSDT,UB,False,time,6150,2025-09-12,2026-05-26,1.0,0
oi_ohlc,UNIUSDT,UNI,False,time,17280,2024-06-05,2026-05-26,1.0,0
oi_ohlc,VIRTUALUSDT,VIRTUAL,False,time,12773,2024-12-10,2026-05-26,1.0,0
oi_ohlc,VVVUSDT,VVV,False,time,11577,2025-01-29,2026-05-26,1.0,0
oi_ohlc,WIFUSDT,WIF,True,time,17280,2024-06-05,2026-05-26,1.0,0
oi_ohlc,WLDUSDT,WLD,True,time,17280,2024-06-05,2026-05-26,1.0,0
oi_ohlc,WLFIUSDT,WLFI,False,time,6634,2025-08-23,2026-05-26,1.0,0
oi_ohlc,XAGUSDT,XAG,True,time,3342,2026-01-07,2026-05-26,1.0,0
oi_ohlc,XAUUSDT,XAU,True,time,3975,2025-12-12,2026-05-26,1.0,0
oi_ohlc,XLMUSDT,XLM,True,time,17280,2024-06-05,2026-05-26,1.0,0
oi_ohlc,XMRUSDT,XMR,True,time,17280,2024-06-05,2026-05-26,1.0,0
oi_ohlc,XPLUSDT,XPL,True,time,6657,2025-08-22,2026-05-26,1.0,0
oi_ohlc,ZECUSDT,ZEC,True,time,17280,2024-06-05,2026-05-26,1.0,0
oi_ohlc,ZROUSDT,ZRO,False,time,16924,2024-06-20,2026-05-26,1.0,0
funding_ohlc,0GUSDT,0G,False,time,6684,2025-09-17,2026-06-23,1.0,0
funding_ohlc,1000000BOBUSDT,BOB,True,time,9187,2025-06-05,2026-06-23,1.0,0
funding_ohlc,1000000MOGUSDT,MOG,True,time,14223,2024-11-07,2026-06-23,1.0,0
funding_ohlc,1000BONKUSDT,BONK,False,time,17933,2024-06-05,2026-06-23,1.0,0
funding_ohlc,1000CHEEMSUSDT,CHEEMS,False,time,13792,2024-11-25,2026-06-23,1.0,0
funding_ohlc,1000FLOKIUSDT,FLOKI,False,time,17932,2024-06-05,2026-06-23,1.0,0
funding_ohlc,1000LUNCUSDT,LUNC,True,time,17932,2024-06-05,2026-06-23,1.0,0
funding_ohlc,1000PEPEUSDT,PEPE,True,time,17934,2024-06-05,2026-06-23,1.0,0
funding_ohlc,1000RATSUSDT,RATS,False,time,17932,2024-06-05,2026-06-23,1.0,0
funding_ohlc,1000SATSUSDT,SATS,False,time,17932,2024-06-05,2026-06-23,1.0,0
funding_ohlc,1000SHIBUSDT,SHIB,False,time,17932,2024-06-05,2026-06-23,1.0,0
funding_ohlc,1000XECUSDT,XEC,False,time,17932,2024-06-05,2026-06-23,1.0,0
funding_ohlc,1INCHUSDT,1INCH,True,time,17932,2024-06-05,2026-06-23,1.0,0
funding_ohlc,1MBABYDOGEUSDT,1MBABYDOGE,False,time,15472,2024-09-16,2026-06-23,1.0,0
funding_ohlc,2ZUSDT,2Z,False,time,6327,2025-10-02,2026-06-23,1.0,0
funding_ohlc,4USDT,4,False,time,6184,2025-10-08,2026-06-23,1.0,0
funding_ohlc,AAPLUSDT,AAPL,False,time,1862,2026-04-06,2026-06-23,1.0,0
funding_ohlc,AAVEUSDT,AAVE,False,time,17934,2024-06-05,2026-06-23,1.0,0
funding_ohlc,ACEUSDT,ACE,True,time,17932,2024-06-05,2026-06-23,1.0,0
funding_ohlc,ACHUSDT,ACH,False,time,17932,2024-06-05,2026-06-23,1.0,0
funding_ohlc,ACUUSDT,ACU,False,time,3663,2026-01-21,2026-06-23,1.0,0
funding_ohlc,ACXUSDT,ACX,False,time,13524,2024-12-06,2026-06-23,1.0,0
funding_ohlc,ADAUSDT,ADA,True,time,17934,2024-06-05,2026-06-23,1.0,0
funding_ohlc,AERGOUSDT,AERGO,False,time,10384,2025-04-16,2026-06-23,1.0,0
funding_ohlc,AEROUSDT,AERO,False,time,13573,2024-12-04,2026-06-23,1.0,0
funding_ohlc,AEVOUSDT,AEVO,False,time,17932,2024-06-05,2026-06-23,1.0,0
funding_ohlc,AGLDUSDT,AGLD,False,time,17932,2024-06-05,2026-06-23,1.0,0
funding_ohlc,AIAUSDT,AIA,True,time,3688,2026-01-20,2026-06-23,1.0,0
funding_ohlc,AIGENSYNUSDT,AIGENSYN,False,time,1309,2026-04-29,2026-06-23,1.0,0
funding_ohlc,AINUSDT,AIN,True,time,8345,2025-07-10,2026-06-23,1.0,0
funding_ohlc,AIOUSDT,AIO,False,time,7528,2025-08-13,2026-06-23,1.0,0
funding_ohlc,AKEUSDT,AKE,False,time,6471,2025-09-26,2026-06-23,1.0,0
funding_ohlc,ALCHUSDT,ALCH,True,time,12760,2025-01-07,2026-06-23,1.0,0
funding_ohlc,ALGOUSDT,ALGO,True,time,17932,2024-06-05,2026-06-23,1.0,0
funding_ohlc,ALICEUSDT,ALICE,False,time,17931,2024-06-06,2026-06-23,1.0,0
funding_ohlc,ALLOUSDT,ALLO,False,time,5365,2025-11-11,2026-06-23,1.0,0
funding_ohlc,ALLUSDT,ALL,False,time,7698,2025-08-06,2026-06-23,1.0,0
funding_ohlc,ALPINEUSDT,ALPINE,False,time,9906,2025-05-06,2026-06-23,1.0,0
funding_ohlc,AMDUSDT,AMD,False,time,1142,2026-05-06,2026-06-23,1.0,0
funding_ohlc,AMZNUSDT,AMZN,False,time,3205,2026-02-09,2026-06-23,1.0,0
funding_ohlc,ANIMEUSDT,ANIME,False,time,12370,2025-01-23,2026-06-23,1.0,0
funding_ohlc,ANKRUSDT,ANKR,False,time,17931,2024-06-06,2026-06-23,1.0,0
funding_ohlc,APEUSDT,APE,True,time,17931,2024-06-06,2026-06-23,1.0,0
funding_ohlc,API3USDT,API3,False,time,17931,2024-06-06,2026-06-23,1.0,0
funding_ohlc,APRUSDT,APR,False,time,5825,2025-10-23,2026-06-23,1.0,0
funding_ohlc,ARBUSDT,ARB,False,time,17934,2024-06-05,2026-06-23,1.0,0
funding_ohlc,ARCUSDT,ARC,True,time,12518,2025-01-17,2026-06-23,1.0,0
funding_ohlc,ASTERUSDT,ASTER,True,time,6639,2025-09-19,2026-06-23,1.0,0
funding_ohlc,ATOMUSDT,ATOM,True,time,17934,2024-06-05,2026-06-23,1.0,0
funding_ohlc,AVAXUSDT,AVAX,False,time,17934,2024-06-05,2026-06-23,1.0,0
funding_ohlc,BCHUSDT,BCH,True,time,17934,2024-06-05,2026-06-23,1.0,0
funding_ohlc,BSBUSDT,BSB,False,time,2152,2026-03-25,2026-06-23,1.0,0
funding_ohlc,BTCUSDT,BTC,True,time,17935,2024-06-05,2026-06-23,1.0,0
funding_ohlc,BZUSDT,BZ,True,time,1986,2026-04-01,2026-06-23,1.0,0
funding_ohlc,CHZUSDT,CHZ,True,time,17933,2024-06-05,2026-06-23,1.0,0
funding_ohlc,CLUSDT,CL,True,time,1986,2026-04-01,2026-06-23,1.0,0
funding_ohlc,CRCLUSDT,CRCL,False,time,3205,2026-02-09,2026-06-23,1.0,0
funding_ohlc,CRVUSDT,CRV,True,time,17933,2024-06-05,2026-06-23,1.0,0
funding_ohlc,DASHUSDT,DASH,True,time,17933,2024-06-05,2026-06-23,1.0,0
funding_ohlc,DOGEUSDT,DOGE,True,time,17935,2024-06-05,2026-06-23,1.0,0
funding_ohlc,EDGEUSDT,EDGE,False,time,2293,2026-03-19,2026-06-23,1.0,0
funding_ohlc,ENAUSDT,ENA,False,time,17934,2024-06-05,2026-06-23,1.0,0
funding_ohlc,ESPORTSUSDT,ESPORTS,False,time,7889,2025-07-29,2026-06-23,1.0,0
funding_ohlc,ETCUSDT,ETC,False,time,17933,2024-06-05,2026-06-23,1.0,0
funding_ohlc,ETHUSDT,ETH,True,time,17935,2024-06-05,2026-06-23,1.0,0
funding_ohlc,FARTCOINUSDT,FARTCOIN,False,time,13185,2024-12-20,2026-06-23,1.0,0
funding_ohlc,FFUSDT,FF,False,time,6398,2025-09-29,2026-06-23,1.0,0
funding_ohlc,FILUSDT,FIL,True,time,17934,2024-06-05,2026-06-23,1.0,0
funding_ohlc,GRASSUSDT,GRASS,False,time,14196,2024-11-08,2026-06-23,1.0,0
funding_ohlc,HBARUSDT,HBAR,False,time,17933,2024-06-05,2026-06-23,1.0,0
funding_ohlc,HUSDT,H,False,time,8706,2025-06-25,2026-06-23,1.0,0
funding_ohlc,HYPEUSDT,HYPE,True,time,9329,2025-05-30,2026-06-23,1.0,0
funding_ohlc,ICPUSDT,ICP,False,time,17934,2024-06-05,2026-06-23,1.0,0
funding_ohlc,INJUSDT,INJ,False,time,17934,2024-06-05,2026-06-23,1.0,0
funding_ohlc,INTCUSDT,INTC,False,time,3373,2026-02-02,2026-06-23,1.0,0
funding_ohlc,KITEUSDT,KITE,False,time,5681,2025-10-29,2026-06-23,1.0,0
funding_ohlc,LABUSDT,LAB,False,time,5965,2025-10-17,2026-06-23,1.0,0
funding_ohlc,LDOUSDT,LDO,True,time,17933,2024-06-05,2026-06-23,1.0,0
funding_ohlc,LINKUSDT,LINK,True,time,17934,2024-06-05,2026-06-23,1.0,0
funding_ohlc,LTCUSDT,LTC,True,time,17934,2024-06-05,2026-06-23,1.0,0
funding_ohlc,MONUSDT,MON,False,time,6140,2025-10-10,2026-06-23,1.0,0
funding_ohlc,MUSDT,M,False,time,8418,2025-07-07,2026-06-23,1.0,0
funding_ohlc,MUUSDT,MU,False,time,1838,2026-04-07,2026-06-23,1.0,0
funding_ohlc,NEARUSDT,NEAR,False,time,17935,2024-06-05,2026-06-23,1.0,0
funding_ohlc,NVDAUSDT,NVDA,False,time,2125,2026-03-26,2026-06-23,1.0,0
funding_ohlc,ONDOUSDT,ONDO,False,time,17935,2024-06-05,2026-06-23,1.0,0
funding_ohlc,OPUSDT,OP,True,time,17933,2024-06-05,2026-06-23,1.0,0
funding_ohlc,ORDIUSDT,ORDI,False,time,17933,2024-06-05,2026-06-23,1.0,0
funding_ohlc,PAXGUSDT,PAXG,False,time,10865,2025-03-27,2026-06-23,1.0,0
funding_ohlc,PENDLEUSDT,PENDLE,False,time,17933,2024-06-05,2026-06-23,1.0,0
funding_ohlc,PENGUUSDT,PENGU,False,time,13259,2024-12-17,2026-06-23,1.0,0
funding_ohlc,POLUSDT,POL,False,time,15543,2024-09-13,2026-06-23,1.0,0
funding_ohlc,PUMPUSDT,PUMP,True,time,8348,2025-07-10,2026-06-23,1.0,0
funding_ohlc,RAVEUSDT,RAVE,False,time,4572,2025-12-14,2026-06-23,1.0,0
funding_ohlc,RENDERUSDT,RENDER,False,time,16721,2024-07-26,2026-06-23,1.0,0
funding_ohlc,RIVERUSDT,RIVER,True,time,5965,2025-10-17,2026-06-23,1.0,0
funding_ohlc,SAHARAUSDT,SAHARA,False,time,8679,2025-06-26,2026-06-23,1.0,0
funding_ohlc,SEIUSDT,SEI,False,time,17933,2024-06-05,2026-06-23,1.0,0
funding_ohlc,SKYAIUSDT,SKYAI,True,time,9738,2025-05-13,2026-06-23,1.0,0
funding_ohlc,SNDKUSDT,SNDK,False,time,1838,2026-04-07,2026-06-23,1.0,0
funding_ohlc,SOLUSDT,SOL,True,time,17935,2024-06-05,2026-06-23,1.0,0
funding_ohlc,SPCXUSDT,SPCX,False,time,791,2026-05-21,2026-06-23,1.0,0
funding_ohlc,SUIUSDT,SUI,True,time,17935,2024-06-05,2026-06-23,1.0,0
funding_ohlc,TAOUSDT,TAO,True,time,17935,2024-06-05,2026-06-23,1.0,0
funding_ohlc,TIAUSDT,TIA,False,time,17934,2024-06-05,2026-06-23,1.0,0
funding_ohlc,TONUSDT,TON,True,time,17935,2024-06-05,2026-06-23,1.0,0
funding_ohlc,TRUMPUSDT,TRUMP,False,time,12494,2025-01-18,2026-06-23,1.0,0
funding_ohlc,TRXUSDT,TRX,True,time,17934,2024-06-05,2026-06-23,1.0,0
funding_ohlc,TSLAUSDT,TSLA,False,time,3493,2026-01-28,2026-06-23,1.0,0
funding_ohlc,UBUSDT,UB,False,time,6809,2025-09-12,2026-06-23,1.0,0
funding_ohlc,UNIUSDT,UNI,False,time,17934,2024-06-05,2026-06-23,1.0,0
funding_ohlc,VIRTUALUSDT,VIRTUAL,False,time,13431,2024-12-10,2026-06-23,1.0,0
funding_ohlc,VVVUSDT,VVV,False,time,12235,2025-01-29,2026-06-23,1.0,0
funding_ohlc,WIFUSDT,WIF,True,time,17933,2024-06-05,2026-06-23,1.0,0
funding_ohlc,WLDUSDT,WLD,True,time,17935,2024-06-05,2026-06-23,1.0,0
funding_ohlc,WLFIUSDT,WLFI,False,time,7291,2025-08-23,2026-06-23,1.0,0
funding_ohlc,XAGUSDT,XAG,True,time,4001,2026-01-07,2026-06-23,1.0,0
funding_ohlc,XAUUSDT,XAU,True,time,4634,2025-12-12,2026-06-23,1.0,0
funding_ohlc,XLMUSDT,XLM,True,time,17933,2024-06-05,2026-06-23,1.0,0
funding_ohlc,XMRUSDT,XMR,True,time,17933,2024-06-05,2026-06-23,1.0,0
funding_ohlc,XPLUSDT,XPL,True,time,7314,2025-08-22,2026-06-23,1.0,0
funding_ohlc,ZECUSDT,ZEC,True,time,17935,2024-06-05,2026-06-23,1.0,0
funding_ohlc,ZROUSDT,ZRO,False,time,17581,2024-06-20,2026-06-23,1.0,0
liquidation,0GUSDT,0G,False,time,6707,2025-09-16,2026-06-23,1.0,0
liquidation,1000000BOBUSDT,BOB,True,time,9210,2025-06-04,2026-06-23,1.0,0
liquidation,1000000MOGUSDT,MOG,True,time,14246,2024-11-06,2026-06-23,1.0,0
liquidation,1000BONKUSDT,BONK,False,time,17911,2024-06-06,2026-06-23,1.0,0
liquidation,1000CHEEMSUSDT,CHEEMS,False,time,13815,2024-11-24,2026-06-23,1.0,0
liquidation,1000FLOKIUSDT,FLOKI,False,time,17910,2024-06-06,2026-06-23,1.0,0
liquidation,1000LUNCUSDT,LUNC,True,time,17910,2024-06-06,2026-06-23,1.0,0
liquidation,1000PEPEUSDT,PEPE,True,time,17914,2024-06-06,2026-06-23,1.0,0
liquidation,1000RATSUSDT,RATS,False,time,17910,2024-06-06,2026-06-23,1.0,0
liquidation,1000SATSUSDT,SATS,False,time,17910,2024-06-06,2026-06-23,1.0,0
liquidation,1000SHIBUSDT,SHIB,False,time,17910,2024-06-06,2026-06-23,1.0,0
liquidation,1000XECUSDT,XEC,False,time,17910,2024-06-06,2026-06-23,1.0,0
liquidation,1INCHUSDT,1INCH,True,time,17910,2024-06-06,2026-06-23,1.0,0
liquidation,1MBABYDOGEUSDT,1MBABYDOGE,False,time,15495,2024-09-15,2026-06-23,1.0,0
liquidation,2ZUSDT,2Z,False,time,6350,2025-10-01,2026-06-23,1.0,0
liquidation,4USDT,4,False,time,6207,2025-10-07,2026-06-23,1.0,0
liquidation,AAPLUSDT,AAPL,False,time,1885,2026-04-05,2026-06-23,1.0,0
liquidation,AAVEUSDT,AAVE,False,time,17914,2024-06-06,2026-06-23,1.0,0
liquidation,ACEUSDT,ACE,True,time,17910,2024-06-06,2026-06-23,1.0,0
liquidation,ACHUSDT,ACH,False,time,17909,2024-06-06,2026-06-23,1.0,0
liquidation,ACUUSDT,ACU,False,time,3686,2026-01-20,2026-06-23,1.0,0
liquidation,ACXUSDT,ACX,False,time,13548,2024-12-05,2026-06-23,1.0,0
liquidation,ADAUSDT,ADA,True,time,17915,2024-06-06,2026-06-23,1.0,0
liquidation,AERGOUSDT,AERGO,False,time,10408,2025-04-15,2026-06-23,1.0,0
liquidation,AEROUSDT,AERO,False,time,13596,2024-12-03,2026-06-23,1.0,0
liquidation,AEVOUSDT,AEVO,False,time,17909,2024-06-06,2026-06-23,1.0,0
liquidation,AGLDUSDT,AGLD,False,time,17909,2024-06-06,2026-06-23,1.0,0
liquidation,AIAUSDT,AIA,True,time,3711,2026-01-19,2026-06-23,1.0,0
liquidation,AIGENSYNUSDT,AIGENSYN,False,time,1332,2026-04-28,2026-06-23,1.0,0
liquidation,AINUSDT,AIN,True,time,8368,2025-07-09,2026-06-23,1.0,0
liquidation,AIOUSDT,AIO,False,time,7551,2025-08-12,2026-06-23,1.0,0
liquidation,AKEUSDT,AKE,False,time,6494,2025-09-25,2026-06-23,1.0,0
liquidation,ALCHUSDT,ALCH,True,time,12783,2025-01-06,2026-06-23,1.0,0
liquidation,ALGOUSDT,ALGO,True,time,17909,2024-06-06,2026-06-23,1.0,0
liquidation,ALICEUSDT,ALICE,False,time,17909,2024-06-06,2026-06-23,1.0,0
liquidation,ALLOUSDT,ALLO,False,time,5389,2025-11-10,2026-06-23,1.0,0
liquidation,ALLUSDT,ALL,False,time,7721,2025-08-05,2026-06-23,1.0,0
liquidation,ALPINEUSDT,ALPINE,False,time,9929,2025-05-05,2026-06-23,1.0,0
liquidation,AMDUSDT,AMD,False,time,1165,2026-05-05,2026-06-23,1.0,0
liquidation,AMZNUSDT,AMZN,False,time,3228,2026-02-08,2026-06-23,1.0,0
liquidation,ANIMEUSDT,ANIME,False,time,12394,2025-01-22,2026-06-23,1.0,0
liquidation,ANKRUSDT,ANKR,False,time,17908,2024-06-06,2026-06-23,1.0,0
liquidation,APEUSDT,APE,True,time,17908,2024-06-06,2026-06-23,1.0,0
liquidation,API3USDT,API3,False,time,17908,2024-06-06,2026-06-23,1.0,0
liquidation,APRUSDT,APR,False,time,5848,2025-10-22,2026-06-23,1.0,0
liquidation,ARBUSDT,ARB,False,time,17914,2024-06-06,2026-06-23,1.0,0
liquidation,ARCUSDT,ARC,True,time,12542,2025-01-16,2026-06-23,1.0,0
liquidation,ASTERUSDT,ASTER,True,time,6663,2025-09-18,2026-06-23,1.0,0
liquidation,ATOMUSDT,ATOM,True,time,17913,2024-06-06,2026-06-23,1.0,0
liquidation,AVAXUSDT,AVAX,False,time,17915,2024-06-06,2026-06-23,1.0,0
liquidation,BCHUSDT,BCH,True,time,17914,2024-06-06,2026-06-23,1.0,0
liquidation,BSBUSDT,BSB,False,time,2175,2026-03-24,2026-06-23,1.0,0
liquidation,BTCUSDT,BTC,True,time,17918,2024-06-06,2026-06-23,1.0,0
liquidation,BZUSDT,BZ,True,time,2009,2026-03-31,2026-06-23,1.0,0
liquidation,CHZUSDT,CHZ,True,time,17912,2024-06-06,2026-06-23,1.0,0
liquidation,CLUSDT,CL,True,time,2010,2026-03-31,2026-06-23,1.0,0
liquidation,CRCLUSDT,CRCL,False,time,3228,2026-02-08,2026-06-23,1.0,0
liquidation,CRVUSDT,CRV,True,time,17912,2024-06-06,2026-06-23,1.0,0
liquidation,DASHUSDT,DASH,True,time,17912,2024-06-06,2026-06-23,1.0,0
liquidation,DOGEUSDT,DOGE,True,time,17916,2024-06-06,2026-06-23,1.0,0
liquidation,EDGEUSDT,EDGE,False,time,2317,2026-03-18,2026-06-23,1.0,0
liquidation,ENAUSDT,ENA,False,time,17914,2024-06-06,2026-06-23,1.0,0
liquidation,ESPORTSUSDT,ESPORTS,False,time,7913,2025-07-28,2026-06-23,1.0,0
liquidation,ETCUSDT,ETC,False,time,17912,2024-06-06,2026-06-23,1.0,0
liquidation,ETHUSDT,ETH,True,time,17918,2024-06-06,2026-06-23,1.0,0
liquidation,FARTCOINUSDT,FARTCOIN,False,time,13208,2024-12-19,2026-06-23,1.0,0
liquidation,FFUSDT,FF,False,time,6421,2025-09-28,2026-06-23,1.0,0
liquidation,FILUSDT,FIL,True,time,17914,2024-06-06,2026-06-23,1.0,0
liquidation,GRASSUSDT,GRASS,False,time,14219,2024-11-07,2026-06-23,1.0,0
liquidation,HBARUSDT,HBAR,False,time,17912,2024-06-06,2026-06-23,1.0,0
liquidation,HUSDT,H,False,time,8729,2025-06-24,2026-06-23,1.0,0
liquidation,HYPEUSDT,HYPE,True,time,9353,2025-05-29,2026-06-23,1.0,0
liquidation,ICPUSDT,ICP,False,time,17915,2024-06-06,2026-06-23,1.0,0
liquidation,INJUSDT,INJ,False,time,17916,2024-06-06,2026-06-23,1.0,0
liquidation,INTCUSDT,INTC,False,time,3397,2026-02-01,2026-06-23,1.0,0
liquidation,KITEUSDT,KITE,False,time,5705,2025-10-28,2026-06-23,1.0,0
liquidation,LABUSDT,LAB,False,time,5989,2025-10-16,2026-06-23,1.0,0
liquidation,LDOUSDT,LDO,True,time,17912,2024-06-06,2026-06-23,1.0,0
liquidation,LINKUSDT,LINK,True,time,17916,2024-06-06,2026-06-23,1.0,0
liquidation,LTCUSDT,LTC,True,time,17916,2024-06-06,2026-06-23,1.0,0
liquidation,MONUSDT,MON,False,time,6164,2025-10-09,2026-06-23,1.0,0
liquidation,MUSDT,M,False,time,8442,2025-07-06,2026-06-23,1.0,0
liquidation,MUUSDT,MU,False,time,1862,2026-04-06,2026-06-23,1.0,0
liquidation,NEARUSDT,NEAR,False,time,17917,2024-06-06,2026-06-23,1.0,0
liquidation,NVDAUSDT,NVDA,False,time,2149,2026-03-25,2026-06-23,1.0,0
liquidation,ONDOUSDT,ONDO,False,time,17916,2024-06-06,2026-06-23,1.0,0
liquidation,OPUSDT,OP,True,time,17913,2024-06-06,2026-06-23,1.0,0
liquidation,ORDIUSDT,ORDI,False,time,17914,2024-06-06,2026-06-23,1.0,0
liquidation,PAXGUSDT,PAXG,False,time,10889,2025-03-26,2026-06-23,1.0,0
liquidation,PENDLEUSDT,PENDLE,False,time,17914,2024-06-06,2026-06-23,1.0,0
liquidation,PENGUUSDT,PENGU,False,time,13283,2024-12-16,2026-06-23,1.0,0
liquidation,POLUSDT,POL,False,time,15567,2024-09-12,2026-06-23,1.0,0
liquidation,PUMPUSDT,PUMP,True,time,8372,2025-07-09,2026-06-23,1.0,0
liquidation,RAVEUSDT,RAVE,False,time,4596,2025-12-13,2026-06-23,1.0,0
liquidation,RENDERUSDT,RENDER,False,time,16746,2024-07-25,2026-06-23,1.0,0
liquidation,RIVERUSDT,RIVER,True,time,5989,2025-10-16,2026-06-23,1.0,0
liquidation,SAHARAUSDT,SAHARA,False,time,8704,2025-06-25,2026-06-23,1.0,0
liquidation,SEIUSDT,SEI,False,time,17913,2024-06-06,2026-06-23,1.0,0
liquidation,SKYAIUSDT,SKYAI,True,time,9762,2025-05-12,2026-06-23,1.0,0
liquidation,SNDKUSDT,SNDK,False,time,1862,2026-04-06,2026-06-23,1.0,0
liquidation,SOLUSDT,SOL,True,time,17918,2024-06-06,2026-06-23,1.0,0
liquidation,SPCXUSDT,SPCX,False,time,815,2026-05-20,2026-06-23,1.0,0
liquidation,SUIUSDT,SUI,True,time,17917,2024-06-06,2026-06-23,1.0,0
liquidation,TAOUSDT,TAO,True,time,17917,2024-06-06,2026-06-23,1.0,0
liquidation,TIAUSDT,TIA,False,time,17916,2024-06-06,2026-06-23,1.0,0
liquidation,TONUSDT,TON,True,time,17917,2024-06-06,2026-06-23,1.0,0
liquidation,TRUMPUSDT,TRUMP,False,time,12519,2025-01-17,2026-06-23,1.0,0
liquidation,TRXUSDT,TRX,True,time,17916,2024-06-06,2026-06-23,1.0,0
liquidation,TSLAUSDT,TSLA,False,time,3517,2026-01-27,2026-06-23,1.0,0
liquidation,UBUSDT,UB,False,time,6833,2025-09-11,2026-06-23,1.0,0
liquidation,UNIUSDT,UNI,False,time,17915,2024-06-06,2026-06-23,1.0,0
liquidation,VIRTUALUSDT,VIRTUAL,False,time,13455,2024-12-09,2026-06-23,1.0,0
liquidation,VVVUSDT,VVV,False,time,12259,2025-01-28,2026-06-23,1.0,0
liquidation,WIFUSDT,WIF,True,time,17914,2024-06-06,2026-06-23,1.0,0
liquidation,WLDUSDT,WLD,True,time,17917,2024-06-06,2026-06-23,1.0,0
liquidation,WLFIUSDT,WLFI,False,time,7315,2025-08-22,2026-06-23,1.0,0
liquidation,XAGUSDT,XAG,True,time,3389,2026-01-06,2026-05-27,1.0,0
liquidation,XAUUSDT,XAU,True,time,4038,2025-12-10,2026-05-27,1.0,0
liquidation,XLMUSDT,XLM,True,time,17280,2024-06-06,2026-05-27,1.0,0
liquidation,XMRUSDT,XMR,True,time,17280,2024-06-06,2026-05-27,1.0,0
liquidation,XPLUSDT,XPL,True,time,6704,2025-08-21,2026-05-27,1.0,0
liquidation,ZECUSDT,ZEC,True,time,17280,2024-06-06,2026-05-27,1.0,0
liquidation,ZROUSDT,ZRO,False,time,16972,2024-06-19,2026-05-27,1.0,0
ls_top_trader,0GUSDT,0G,False,time,6708,2025-09-17,2026-07-07,313.0,1
ls_top_trader,1000000BOBUSDT,BOB,True,time,9110,2025-06-05,2026-07-07,414.0,1
ls_top_trader,1000000MOGUSDT,MOG,True,time,14145,2024-11-07,2026-07-07,413.0,1
ls_top_trader,1000BONKUSDT,BONK,False,time,17280,2024-06-06,2026-05-27,1.0,0
ls_top_trader,1000CHEEMSUSDT,CHEEMS,False,time,13816,2024-11-25,2026-07-07,313.0,1
ls_top_trader,1000FLOKIUSDT,FLOKI,False,time,17280,2024-06-06,2026-05-27,1.0,0
ls_top_trader,1000LUNCUSDT,LUNC,True,time,17280,2024-06-06,2026-05-27,1.0,0
ls_top_trader,1000PEPEUSDT,PEPE,True,time,17280,2024-06-06,2026-05-27,1.0,0
ls_top_trader,1000RATSUSDT,RATS,False,time,17852,2024-06-06,2026-07-07,414.0,1
ls_top_trader,1000SATSUSDT,SATS,False,time,17953,2024-06-06,2026-07-07,313.0,1
ls_top_trader,1000SHIBUSDT,SHIB,False,time,17280,2024-06-06,2026-05-27,1.0,0
ls_top_trader,1000XECUSDT,XEC,False,time,17280,2024-06-06,2026-05-27,1.0,0
ls_top_trader,1INCHUSDT,1INCH,True,time,17953,2024-06-06,2026-07-07,307.0,1
ls_top_trader,1MBABYDOGEUSDT,1MBABYDOGE,False,time,15496,2024-09-16,2026-07-07,313.0,1
ls_top_trader,2ZUSDT,2Z,False,time,6351,2025-10-02,2026-07-07,313.0,1
ls_top_trader,4USDT,4,False,time,5535,2025-10-08,2026-05-27,1.0,0
ls_top_trader,AAPLUSDT,AAPL,False,time,1784,2026-04-06,2026-07-07,407.0,2
ls_top_trader,AAVEUSDT,AAVE,False,time,17955,2024-06-06,2026-07-07,313.0,1
ls_top_trader,ACEUSDT,ACE,True,time,17953,2024-06-06,2026-07-07,313.0,1
ls_top_trader,ACHUSDT,ACH,False,time,17953,2024-06-06,2026-07-07,313.0,1
ls_top_trader,ACUUSDT,ACU,False,time,3014,2026-01-21,2026-05-27,1.0,0
ls_top_trader,ACXUSDT,ACX,False,time,13548,2024-12-06,2026-07-07,313.0,1
ls_top_trader,ADAUSDT,ADA,True,time,17956,2024-06-06,2026-07-07,313.0,1
ls_top_trader,AERGOUSDT,AERGO,False,time,10408,2025-04-16,2026-07-07,313.0,1
ls_top_trader,AEROUSDT,AERO,False,time,13496,2024-12-04,2026-07-07,414.0,1
ls_top_trader,AEVOUSDT,AEVO,False,time,17953,2024-06-06,2026-07-07,313.0,1
ls_top_trader,AGLDUSDT,AGLD,False,time,17280,2024-06-06,2026-05-27,1.0,0
ls_top_trader,AIAUSDT,AIA,True,time,3039,2026-01-20,2026-05-27,1.0,0
ls_top_trader,AIGENSYNUSDT,AIGENSYN,False,time,660,2026-04-29,2026-05-27,1.0,0
ls_top_trader,AINUSDT,AIN,True,time,7696,2025-07-10,2026-05-27,1.0,0
ls_top_trader,AIOUSDT,AIO,False,time,6879,2025-08-13,2026-05-27,1.0,0
ls_top_trader,AKEUSDT,AKE,False,time,5822,2025-09-26,2026-05-27,1.0,0
ls_top_trader,ALCHUSDT,ALCH,True,time,12111,2025-01-07,2026-05-27,1.0,0
ls_top_trader,ALGOUSDT,ALGO,True,time,17953,2024-06-06,2026-07-07,313.0,1
ls_top_trader,ALICEUSDT,ALICE,False,time,17952,2024-06-06,2026-07-07,313.0,1
ls_top_trader,ALLOUSDT,ALLO,False,time,5389,2025-11-11,2026-07-07,313.0,1
ls_top_trader,ALLUSDT,ALL,False,time,7621,2025-08-06,2026-07-07,388.0,2
ls_top_trader,ALPINEUSDT,ALPINE,False,time,9930,2025-05-06,2026-07-07,313.0,1
ls_top_trader,AMDUSDT,AMD,False,time,1065,2026-05-06,2026-07-07,414.0,1
ls_top_trader,AMZNUSDT,AMZN,False,time,3128,2026-02-09,2026-07-07,389.0,5
ls_top_trader,ANIMEUSDT,ANIME,False,time,12394,2025-01-23,2026-07-07,313.0,1
ls_top_trader,ANKRUSDT,ANKR,False,time,17952,2024-06-06,2026-07-07,313.0,1
ls_top_trader,APEUSDT,APE,True,time,17952,2024-06-06,2026-07-07,313.0,1
ls_top_trader,API3USDT,API3,False,time,17952,2024-06-06,2026-07-07,313.0,1
ls_top_trader,APRUSDT,APR,False,time,5177,2025-10-23,2026-05-27,1.0,0
ls_top_trader,ARBUSDT,ARB,False,time,17955,2024-06-06,2026-07-07,313.0,1
ls_top_trader,ARCUSDT,ARC,True,time,11870,2025-01-17,2026-05-27,1.0,0
ls_top_trader,ASTERUSDT,ASTER,True,time,6663,2025-09-19,2026-07-07,313.0,1
ls_top_trader,ATOMUSDT,ATOM,True,time,17955,2024-06-06,2026-07-07,313.0,1
ls_top_trader,AVAXUSDT,AVAX,False,time,17955,2024-06-06,2026-07-07,313.0,1
ls_top_trader,BCHUSDT,BCH,True,time,17955,2024-06-06,2026-07-07,313.0,1
ls_top_trader,BSBUSDT,BSB,False,time,1500,2026-03-25,2026-05-26,1.0,0
ls_top_trader,BTCUSDT,BTC,True,time,17280,2024-06-06,2026-05-26,1.0,0
ls_top_trader,BZUSDT,BZ,True,time,1909,2026-04-01,2026-07-07,414.0,1
ls_top_trader,CHZUSDT,CHZ,True,time,17954,2024-06-06,2026-07-07,313.0,1
ls_top_trader,CLUSDT,CL,True,time,1909,2026-04-01,2026-07-07,414.0,1
ls_top_trader,CRCLUSDT,CRCL,False,time,3128,2026-02-09,2026-07-07,414.0,1
ls_top_trader,CRVUSDT,CRV,True,time,17954,2024-06-06,2026-07-07,313.0,1
ls_top_trader,DASHUSDT,DASH,True,time,17954,2024-06-06,2026-07-07,313.0,1
ls_top_trader,DOGEUSDT,DOGE,True,time,17956,2024-06-06,2026-07-07,313.0,1
ls_top_trader,EDGEUSDT,EDGE,False,time,1642,2026-03-19,2026-05-27,1.0,0
ls_top_trader,ENAUSDT,ENA,False,time,17955,2024-06-06,2026-07-07,313.0,1
ls_top_trader,ESPORTSUSDT,ESPORTS,False,time,7237,2025-07-29,2026-05-26,1.0,0
ls_top_trader,ETCUSDT,ETC,False,time,17954,2024-06-06,2026-07-07,313.0,1
ls_top_trader,ETHUSDT,ETH,True,time,17280,2024-06-06,2026-05-26,1.0,0
ls_top_trader,FARTCOINUSDT,FARTCOIN,False,time,12535,2024-12-20,2026-05-27,1.0,0
ls_top_trader,FFUSDT,FF,False,time,5748,2025-09-29,2026-05-27,1.0,0
ls_top_trader,FILUSDT,FIL,True,time,17955,2024-06-06,2026-07-07,313.0,1
ls_top_trader,GRASSUSDT,GRASS,False,time,14119,2024-11-08,2026-07-07,414.0,1
ls_top_trader,HBARUSDT,HBAR,False,time,17954,2024-06-06,2026-07-07,313.0,1
ls_top_trader,HUSDT,H,False,time,8056,2025-06-25,2026-05-27,1.0,0
ls_top_trader,HYPEUSDT,HYPE,True,time,9252,2025-05-30,2026-07-07,414.0,1
ls_top_trader,ICPUSDT,ICP,False,time,17955,2024-06-06,2026-07-07,313.0,1
ls_top_trader,INJUSDT,INJ,False,time,17955,2024-06-06,2026-07-07,313.0,1
ls_top_trader,INTCUSDT,INTC,False,time,3296,2026-02-02,2026-07-07,414.0,1
ls_top_trader,KITEUSDT,KITE,False,time,5031,2025-10-29,2026-05-27,1.0,0
ls_top_trader,LABUSDT,LAB,False,time,5314,2025-10-17,2026-05-27,1.0,0
ls_top_trader,LDOUSDT,LDO,True,time,17954,2024-06-06,2026-07-07,313.0,1
ls_top_trader,LINKUSDT,LINK,True,time,17955,2024-06-06,2026-07-07,313.0,1
ls_top_trader,LTCUSDT,LTC,True,time,17955,2024-06-06,2026-07-07,313.0,1
ls_top_trader,MONUSDT,MON,False,time,6063,2025-10-10,2026-07-07,414.0,1
ls_top_trader,MUSDT,M,False,time,7768,2025-07-07,2026-05-27,1.0,0
ls_top_trader,MUUSDT,MU,False,time,1187,2026-04-07,2026-05-27,1.0,0
ls_top_trader,NEARUSDT,NEAR,False,time,17956,2024-06-06,2026-07-07,313.0,1
ls_top_trader,NVDAUSDT,NVDA,False,time,2048,2026-03-26,2026-07-07,414.0,1
ls_top_trader,ONDOUSDT,ONDO,False,time,17956,2024-06-06,2026-07-07,313.0,1
ls_top_trader,OPUSDT,OP,True,time,17954,2024-06-06,2026-07-07,313.0,1
ls_top_trader,ORDIUSDT,ORDI,False,time,17954,2024-06-06,2026-07-07,313.0,1
ls_top_trader,PAXGUSDT,PAXG,False,time,10889,2025-03-27,2026-07-07,313.0,1
ls_top_trader,PENDLEUSDT,PENDLE,False,time,17955,2024-06-06,2026-07-07,313.0,1
ls_top_trader,PENGUUSDT,PENGU,False,time,13283,2024-12-17,2026-07-07,313.0,1
ls_top_trader,POLUSDT,POL,False,time,15567,2024-09-13,2026-07-07,313.0,1
ls_top_trader,PUMPUSDT,PUMP,True,time,8372,2025-07-10,2026-07-07,313.0,1
ls_top_trader,RAVEUSDT,RAVE,False,time,3922,2025-12-14,2026-05-27,1.0,0
ls_top_trader,RENDERUSDT,RENDER,False,time,16745,2024-07-26,2026-07-07,313.0,1
ls_top_trader,RIVERUSDT,RIVER,True,time,5314,2025-10-17,2026-05-27,1.0,0
ls_top_trader,SAHARAUSDT,SAHARA,False,time,8703,2025-06-26,2026-07-07,313.0,1
ls_top_trader,SEIUSDT,SEI,False,time,17954,2024-06-06,2026-07-07,313.0,1
ls_top_trader,SKYAIUSDT,SKYAI,True,time,9088,2025-05-13,2026-05-27,1.0,0
ls_top_trader,SNDKUSDT,SNDK,False,time,1187,2026-04-07,2026-05-27,1.0,0
ls_top_trader,SOLUSDT,SOL,True,time,17956,2024-06-06,2026-07-07,313.0,1
ls_top_trader,SPCXUSDT,SPCX,False,time,714,2026-05-21,2026-07-07,414.0,1
ls_top_trader,SUIUSDT,SUI,True,time,17956,2024-06-06,2026-07-07,313.0,1
ls_top_trader,TAOUSDT,TAO,True,time,17956,2024-06-06,2026-07-07,313.0,1
ls_top_trader,TIAUSDT,TIA,False,time,17955,2024-06-06,2026-07-07,313.0,1
ls_top_trader,TONUSDT,TON,True,time,17848,2024-06-06,2026-07-05,144.0,3
ls_top_trader,TRUMPUSDT,TRUMP,False,time,12518,2025-01-18,2026-07-07,313.0,1
ls_top_trader,TRXUSDT,TRX,True,time,17955,2024-06-06,2026-07-07,313.0,1
ls_top_trader,TSLAUSDT,TSLA,False,time,3416,2026-01-28,2026-07-07,414.0,1
ls_top_trader,UBUSDT,UB,False,time,6157,2025-09-12,2026-05-26,1.0,0
ls_top_trader,UNIUSDT,UNI,False,time,17955,2024-06-06,2026-07-07,313.0,1
ls_top_trader,VIRTUALUSDT,VIRTUAL,False,time,13455,2024-12-10,2026-07-07,313.0,1
ls_top_trader,VVVUSDT,VVV,False,time,12158,2025-01-29,2026-07-07,414.0,1
ls_top_trader,WIFUSDT,WIF,True,time,17954,2024-06-06,2026-07-07,313.0,1
ls_top_trader,WLDUSDT,WLD,True,time,17956,2024-06-06,2026-07-07,313.0,1
ls_top_trader,WLFIUSDT,WLFI,False,time,7315,2025-08-23,2026-07-07,313.0,1
ls_top_trader,XAGUSDT,XAG,True,time,3924,2026-01-07,2026-07-07,414.0,1
ls_top_trader,XAUUSDT,XAU,True,time,4557,2025-12-12,2026-07-07,414.0,1
ls_top_trader,XLMUSDT,XLM,True,time,17954,2024-06-06,2026-07-07,313.0,1
ls_top_trader,XMRUSDT,XMR,True,time,17954,2024-06-06,2026-07-07,313.0,1
ls_top_trader,XPLUSDT,XPL,True,time,7338,2025-08-22,2026-07-07,313.0,1
ls_top_trader,ZECUSDT,ZEC,True,time,17956,2024-06-06,2026-07-07,313.0,1
ls_top_trader,ZROUSDT,ZRO,False,time,17605,2024-06-20,2026-07-07,313.0,1
ls_global,0GUSDT,0G,False,time,6039,2025-09-17,2026-05-27,1.0,0
ls_global,1000000BOBUSDT,BOB,True,time,8542,2025-06-05,2026-05-27,1.0,0
ls_global,1000000MOGUSDT,MOG,True,time,13578,2024-11-07,2026-05-27,1.0,0
ls_global,1000BONKUSDT,BONK,False,time,17280,2024-06-06,2026-05-27,1.0,0
ls_global,1000CHEEMSUSDT,CHEEMS,False,time,13147,2024-11-25,2026-05-27,1.0,0
ls_global,1000FLOKIUSDT,FLOKI,False,time,17280,2024-06-06,2026-05-27,1.0,0
ls_global,1000LUNCUSDT,LUNC,True,time,17280,2024-06-06,2026-05-27,1.0,0
ls_global,1000PEPEUSDT,PEPE,True,time,17280,2024-06-06,2026-05-27,1.0,0
ls_global,1000RATSUSDT,RATS,False,time,17280,2024-06-06,2026-05-27,1.0,0
ls_global,1000SATSUSDT,SATS,False,time,17280,2024-06-06,2026-05-27,1.0,0
ls_global,1000SHIBUSDT,SHIB,False,time,17280,2024-06-06,2026-05-27,1.0,0
ls_global,1000XECUSDT,XEC,False,time,17280,2024-06-06,2026-05-27,1.0,0
ls_global,1INCHUSDT,1INCH,True,time,17280,2024-06-06,2026-05-27,1.0,0
ls_global,1MBABYDOGEUSDT,1MBABYDOGE,False,time,14827,2024-09-16,2026-05-27,1.0,0
ls_global,2ZUSDT,2Z,False,time,5682,2025-10-02,2026-05-27,1.0,0
ls_global,4USDT,4,False,time,5539,2025-10-08,2026-05-27,1.0,0
ls_global,AAPLUSDT,AAPL,False,time,1217,2026-04-06,2026-05-27,1.0,0
ls_global,AAVEUSDT,AAVE,False,time,17280,2024-06-06,2026-05-27,1.0,0
ls_global,ACEUSDT,ACE,True,time,17280,2024-06-06,2026-05-27,1.0,0
ls_global,ACHUSDT,ACH,False,time,17280,2024-06-06,2026-05-27,1.0,0
ls_global,ACUUSDT,ACU,False,time,3018,2026-01-21,2026-05-27,1.0,0
ls_global,ACXUSDT,ACX,False,time,12879,2024-12-06,2026-05-27,1.0,0
ls_global,ADAUSDT,ADA,True,time,17280,2024-06-06,2026-05-27,1.0,0
ls_global,AERGOUSDT,AERGO,False,time,9740,2025-04-16,2026-05-27,1.0,0
ls_global,AEROUSDT,AERO,False,time,12928,2024-12-04,2026-05-27,1.0,0
ls_global,AEVOUSDT,AEVO,False,time,17280,2024-06-06,2026-05-27,1.0,0
ls_global,AGLDUSDT,AGLD,False,time,17280,2024-06-06,2026-05-27,1.0,0
ls_global,AIAUSDT,AIA,True,time,3043,2026-01-20,2026-05-27,1.0,0
ls_global,AIGENSYNUSDT,AIGENSYN,False,time,664,2026-04-29,2026-05-27,1.0,0
ls_global,AINUSDT,AIN,True,time,7700,2025-07-10,2026-05-27,1.0,0
ls_global,AIOUSDT,AIO,False,time,6883,2025-08-13,2026-05-27,1.0,0
ls_global,AKEUSDT,AKE,False,time,5826,2025-09-26,2026-05-27,1.0,0
ls_global,ALCHUSDT,ALCH,True,time,12115,2025-01-07,2026-05-27,1.0,0
ls_global,ALGOUSDT,ALGO,True,time,17280,2024-06-06,2026-05-27,1.0,0
ls_global,ALICEUSDT,ALICE,False,time,17280,2024-06-06,2026-05-27,1.0,0
ls_global,ALLOUSDT,ALLO,False,time,4721,2025-11-11,2026-05-27,1.0,0
ls_global,ALLUSDT,ALL,False,time,7054,2025-08-06,2026-05-27,1.0,0
ls_global,ALPINEUSDT,ALPINE,False,time,9262,2025-05-06,2026-05-27,1.0,0
ls_global,AMDUSDT,AMD,False,time,498,2026-05-06,2026-05-27,1.0,0
ls_global,AMZNUSDT,AMZN,False,time,2561,2026-02-09,2026-05-27,1.0,0
ls_global,ANIMEUSDT,ANIME,False,time,11726,2025-01-23,2026-05-27,1.0,0
ls_global,ANKRUSDT,ANKR,False,time,17280,2024-06-06,2026-05-27,1.0,0
ls_global,APEUSDT,APE,True,time,17280,2024-06-06,2026-05-27,1.0,0
ls_global,API3USDT,API3,False,time,17280,2024-06-06,2026-05-27,1.0,0
ls_global,APRUSDT,APR,False,time,5181,2025-10-23,2026-05-27,1.0,0
ls_global,ARBUSDT,ARB,False,time,17280,2024-06-06,2026-05-27,1.0,0
ls_global,ARCUSDT,ARC,True,time,11874,2025-01-17,2026-05-27,1.0,0
ls_global,ASTERUSDT,ASTER,True,time,5992,2025-09-19,2026-05-27,1.0,0
ls_global,ATOMUSDT,ATOM,True,time,17280,2024-06-06,2026-05-27,1.0,0
ls_global,AVAXUSDT,AVAX,False,time,17280,2024-06-06,2026-05-27,1.0,0
ls_global,BCHUSDT,BCH,True,time,17280,2024-06-06,2026-05-27,1.0,0
ls_global,BSBUSDT,BSB,False,time,1504,2026-03-25,2026-05-27,1.0,0
ls_global,BTCUSDT,BTC,True,time,17280,2024-06-06,2026-05-27,1.0,0
ls_global,BZUSDT,BZ,True,time,1339,2026-04-01,2026-05-27,1.0,0
ls_global,CHZUSDT,CHZ,True,time,17280,2024-06-06,2026-05-27,1.0,0
ls_global,CLUSDT,CL,True,time,1338,2026-04-01,2026-05-27,1.0,0
ls_global,CRCLUSDT,CRCL,False,time,2559,2026-02-09,2026-05-27,1.0,0
ls_global,CRVUSDT,CRV,True,time,17280,2024-06-06,2026-05-27,1.0,0
ls_global,DASHUSDT,DASH,True,time,17280,2024-06-06,2026-05-27,1.0,0
ls_global,DOGEUSDT,DOGE,True,time,17280,2024-06-06,2026-05-27,1.0,0
ls_global,EDGEUSDT,EDGE,False,time,1648,2026-03-19,2026-05-27,1.0,0
ls_global,ENAUSDT,ENA,False,time,17280,2024-06-06,2026-05-27,1.0,0
ls_global,ESPORTSUSDT,ESPORTS,False,time,7241,2025-07-29,2026-05-27,1.0,0
ls_global,ETCUSDT,ETC,False,time,17280,2024-06-06,2026-05-27,1.0,0
ls_global,ETHUSDT,ETH,True,time,17280,2024-06-06,2026-05-27,1.0,0
ls_global,FARTCOINUSDT,FARTCOIN,False,time,12539,2024-12-20,2026-05-27,1.0,0
ls_global,FFUSDT,FF,False,time,5753,2025-09-29,2026-05-27,1.0,0
ls_global,FILUSDT,FIL,True,time,17280,2024-06-06,2026-05-27,1.0,0
ls_global,GRASSUSDT,GRASS,False,time,13549,2024-11-08,2026-05-27,1.0,0
ls_global,HBARUSDT,HBAR,False,time,17280,2024-06-06,2026-05-27,1.0,0
ls_global,HUSDT,H,False,time,8060,2025-06-25,2026-05-27,1.0,0
ls_global,HYPEUSDT,HYPE,True,time,8681,2025-05-30,2026-05-27,1.0,0
ls_global,ICPUSDT,ICP,False,time,17280,2024-06-06,2026-05-27,1.0,0
ls_global,INJUSDT,INJ,False,time,17280,2024-06-06,2026-05-27,1.0,0
ls_global,INTCUSDT,INTC,False,time,2727,2026-02-02,2026-05-27,1.0,0
ls_global,KITEUSDT,KITE,False,time,5036,2025-10-29,2026-05-27,1.0,0
ls_global,LABUSDT,LAB,False,time,5318,2025-10-17,2026-05-27,1.0,0
ls_global,LDOUSDT,LDO,True,time,17280,2024-06-06,2026-05-27,1.0,0
ls_global,LINKUSDT,LINK,True,time,17279,2024-06-06,2026-05-27,1.0,0
ls_global,LTCUSDT,LTC,True,time,17280,2024-06-06,2026-05-27,1.0,0
ls_global,MONUSDT,MON,False,time,5494,2025-10-10,2026-05-27,1.0,0
ls_global,MUSDT,M,False,time,7772,2025-07-07,2026-05-27,1.0,0
ls_global,MUUSDT,MU,False,time,1191,2026-04-07,2026-05-27,1.0,0
ls_global,NEARUSDT,NEAR,False,time,17280,2024-06-06,2026-05-27,1.0,0
ls_global,NVDAUSDT,NVDA,False,time,1479,2026-03-26,2026-05-27,1.0,0
ls_global,ONDOUSDT,ONDO,False,time,17280,2024-06-06,2026-05-27,1.0,0
ls_global,OPUSDT,OP,True,time,17280,2024-06-06,2026-05-27,1.0,0
ls_global,ORDIUSDT,ORDI,False,time,17280,2024-06-06,2026-05-27,1.0,0
ls_global,PAXGUSDT,PAXG,False,time,10218,2025-03-27,2026-05-27,1.0,0
ls_global,PENDLEUSDT,PENDLE,False,time,17279,2024-06-06,2026-05-27,1.0,0
ls_global,PENGUUSDT,PENGU,False,time,12612,2024-12-17,2026-05-27,1.0,0
ls_global,POLUSDT,POL,False,time,14897,2024-09-13,2026-05-27,1.0,0
ls_global,PUMPUSDT,PUMP,True,time,7701,2025-07-10,2026-05-27,1.0,0
ls_global,RAVEUSDT,RAVE,False,time,3926,2025-12-14,2026-05-27,1.0,0
ls_global,RENDERUSDT,RENDER,False,time,16074,2024-07-26,2026-05-27,1.0,0
ls_global,RIVERUSDT,RIVER,True,time,5319,2025-10-17,2026-05-27,1.0,0
ls_global,SAHARAUSDT,SAHARA,False,time,8033,2025-06-26,2026-05-27,1.0,0
ls_global,SEIUSDT,SEI,False,time,17280,2024-06-06,2026-05-27,1.0,0
ls_global,SKYAIUSDT,SKYAI,True,time,9092,2025-05-13,2026-05-27,1.0,0
ls_global,SNDKUSDT,SNDK,False,time,1191,2026-04-07,2026-05-27,1.0,0
ls_global,SOLUSDT,SOL,True,time,17280,2024-06-06,2026-05-27,1.0,0
ls_global,SPCXUSDT,SPCX,False,time,146,2026-05-21,2026-05-27,1.0,0
ls_global,SUIUSDT,SUI,True,time,17280,2024-06-06,2026-05-27,1.0,0
ls_global,TAOUSDT,TAO,True,time,17280,2024-06-06,2026-05-27,1.0,0
ls_global,TIAUSDT,TIA,False,time,17280,2024-06-06,2026-05-27,1.0,0
ls_global,TONUSDT,TON,True,time,17280,2024-06-06,2026-05-27,1.0,0
ls_global,TRUMPUSDT,TRUMP,False,time,11848,2025-01-18,2026-05-27,1.0,0
ls_global,TRXUSDT,TRX,True,time,17280,2024-06-06,2026-05-27,1.0,0
ls_global,TSLAUSDT,TSLA,False,time,2848,2026-01-28,2026-05-27,1.0,0
ls_global,UBUSDT,UB,False,time,6161,2025-09-12,2026-05-27,1.0,0
ls_global,UNIUSDT,UNI,False,time,17280,2024-06-06,2026-05-27,1.0,0
ls_global,VIRTUALUSDT,VIRTUAL,False,time,12784,2024-12-10,2026-05-27,1.0,0
ls_global,VVVUSDT,VVV,False,time,11588,2025-01-29,2026-05-27,1.0,0
ls_global,WIFUSDT,WIF,True,time,17280,2024-06-06,2026-05-27,1.0,0
ls_global,WLDUSDT,WLD,True,time,17280,2024-06-06,2026-05-27,1.0,0
ls_global,WLFIUSDT,WLFI,False,time,6645,2025-08-23,2026-05-27,1.0,0
ls_global,XAGUSDT,XAG,True,time,3353,2026-01-07,2026-05-27,1.0,0
ls_global,XAUUSDT,XAU,True,time,3986,2025-12-12,2026-05-27,1.0,0
ls_global,XLMUSDT,XLM,True,time,17280,2024-06-06,2026-05-27,1.0,0
ls_global,XMRUSDT,XMR,True,time,17280,2024-06-06,2026-05-27,1.0,0
ls_global,XPLUSDT,XPL,True,time,6668,2025-08-22,2026-05-27,1.0,0
ls_global,ZECUSDT,ZEC,True,time,17280,2024-06-06,2026-05-27,1.0,0
ls_global,ZROUSDT,ZRO,False,time,16935,2024-06-20,2026-05-27,1.0,0
net_position,0GUSDT,0G,False,time,6090,2025-09-16,2026-05-28,1.0,0
net_position,1000000BOBUSDT,BOB,True,time,8593,2025-06-04,2026-05-28,1.0,0
net_position,1000000MOGUSDT,MOG,True,time,13629,2024-11-06,2026-05-28,1.0,0
net_position,1000BONKUSDT,BONK,False,time,17280,2024-06-07,2026-05-28,1.0,0
net_position,1000CHEEMSUSDT,CHEEMS,False,time,13198,2024-11-24,2026-05-28,1.0,0
net_position,1000FLOKIUSDT,FLOKI,False,time,17280,2024-06-07,2026-05-28,1.0,0
net_position,1000LUNCUSDT,LUNC,True,time,17280,2024-06-07,2026-05-28,1.0,0
net_position,1000PEPEUSDT,PEPE,True,time,17280,2024-06-07,2026-05-28,1.0,0
net_position,1000RATSUSDT,RATS,False,time,17280,2024-06-07,2026-05-28,1.0,0
net_position,1000SATSUSDT,SATS,False,time,17280,2024-06-07,2026-05-28,1.0,0
net_position,1000SHIBUSDT,SHIB,False,time,17280,2024-06-07,2026-05-28,1.0,0
net_position,1000XECUSDT,XEC,False,time,17280,2024-06-07,2026-05-28,1.0,0
net_position,1INCHUSDT,1INCH,True,time,17280,2024-06-07,2026-05-28,1.0,0
net_position,1MBABYDOGEUSDT,1MBABYDOGE,False,time,14878,2024-09-15,2026-05-28,1.0,0
net_position,2ZUSDT,2Z,False,time,5733,2025-10-01,2026-05-28,1.0,0
net_position,4USDT,4,False,time,5590,2025-10-07,2026-05-28,1.0,0
net_position,AAPLUSDT,AAPL,False,time,1268,2026-04-05,2026-05-28,1.0,0
net_position,AAVEUSDT,AAVE,False,time,17280,2024-06-07,2026-05-28,1.0,0
net_position,ACEUSDT,ACE,True,time,17280,2024-06-07,2026-05-28,1.0,0
net_position,ACHUSDT,ACH,False,time,17280,2024-06-07,2026-05-28,1.0,0
net_position,ACUUSDT,ACU,False,time,3069,2026-01-20,2026-05-28,1.0,0
net_position,ACXUSDT,ACX,False,time,12932,2024-12-05,2026-05-28,1.0,0
net_position,ADAUSDT,ADA,True,time,17280,2024-06-07,2026-05-28,1.0,0
net_position,AERGOUSDT,AERGO,False,time,9792,2025-04-15,2026-05-28,1.0,0
net_position,AEROUSDT,AERO,False,time,12980,2024-12-03,2026-05-28,1.0,0
net_position,AEVOUSDT,AEVO,False,time,17280,2024-06-07,2026-05-28,1.0,0
net_position,AGLDUSDT,AGLD,False,time,17280,2024-06-07,2026-05-28,1.0,0
net_position,AIAUSDT,AIA,True,time,3095,2026-01-19,2026-05-28,1.0,0
net_position,AIGENSYNUSDT,AIGENSYN,False,time,716,2026-04-28,2026-05-28,1.0,0
net_position,AINUSDT,AIN,True,time,7752,2025-07-09,2026-05-28,1.0,0
net_position,AIOUSDT,AIO,False,time,6935,2025-08-12,2026-05-28,1.0,0
net_position,AKEUSDT,AKE,False,time,5878,2025-09-25,2026-05-28,1.0,0
net_position,ALCHUSDT,ALCH,True,time,12167,2025-01-06,2026-05-28,1.0,0
net_position,ALGOUSDT,ALGO,True,time,17280,2024-06-07,2026-05-28,1.0,0
net_position,ALICEUSDT,ALICE,False,time,17280,2024-06-07,2026-05-28,1.0,0
net_position,ALLOUSDT,ALLO,False,time,4773,2025-11-10,2026-05-28,1.0,0
net_position,ALLUSDT,ALL,False,time,7105,2025-08-05,2026-05-28,1.0,0
net_position,ALPINEUSDT,ALPINE,False,time,9313,2025-05-05,2026-05-28,1.0,0
net_position,AMDUSDT,AMD,False,time,549,2026-05-05,2026-05-28,1.0,0
net_position,AMZNUSDT,AMZN,False,time,2612,2026-02-08,2026-05-28,1.0,0
net_position,ANIMEUSDT,ANIME,False,time,11778,2025-01-22,2026-05-28,1.0,0
net_position,ANKRUSDT,ANKR,False,time,17280,2024-06-07,2026-05-28,1.0,0
net_position,APEUSDT,APE,True,time,17280,2024-06-07,2026-05-28,1.0,0
net_position,API3USDT,API3,False,time,17280,2024-06-07,2026-05-28,1.0,0
net_position,APRUSDT,APR,False,time,5232,2025-10-22,2026-05-28,1.0,0
net_position,ARBUSDT,ARB,False,time,17280,2024-06-07,2026-05-28,1.0,0
net_position,ARCUSDT,ARC,True,time,11926,2025-01-16,2026-05-28,1.0,0
net_position,ASTERUSDT,ASTER,True,time,6044,2025-09-18,2026-05-28,1.0,0
net_position,ATOMUSDT,ATOM,True,time,17280,2024-06-07,2026-05-28,1.0,0
net_position,AVAXUSDT,AVAX,False,time,17280,2024-06-07,2026-05-28,1.0,0
net_position,BCHUSDT,BCH,True,time,17280,2024-06-07,2026-05-28,1.0,0
net_position,BSBUSDT,BSB,False,time,1555,2026-03-24,2026-05-28,1.0,0
net_position,BTCUSDT,BTC,True,time,17280,2024-06-07,2026-05-28,1.0,0
net_position,BZUSDT,BZ,True,time,1390,2026-03-31,2026-05-28,1.0,0
net_position,CHZUSDT,CHZ,True,time,17280,2024-06-07,2026-05-28,1.0,0
net_position,CLUSDT,CL,True,time,1390,2026-03-31,2026-05-28,1.0,0
net_position,CRCLUSDT,CRCL,False,time,2611,2026-02-08,2026-05-28,1.0,0
net_position,CRVUSDT,CRV,True,time,17280,2024-06-07,2026-05-28,1.0,0
net_position,DASHUSDT,DASH,True,time,17280,2024-06-07,2026-05-28,1.0,0
net_position,DOGEUSDT,DOGE,True,time,17280,2024-06-07,2026-05-28,1.0,0
net_position,EDGEUSDT,EDGE,False,time,1700,2026-03-18,2026-05-28,1.0,0
net_position,ENAUSDT,ENA,False,time,17280,2024-06-07,2026-05-28,1.0,0
net_position,ESPORTSUSDT,ESPORTS,False,time,7293,2025-07-28,2026-05-28,1.0,0
net_position,ETCUSDT,ETC,False,time,17280,2024-06-07,2026-05-28,1.0,0
net_position,ETHUSDT,ETH,True,time,17280,2024-06-07,2026-05-28,1.0,0
net_position,FARTCOINUSDT,FARTCOIN,False,time,12590,2024-12-19,2026-05-28,1.0,0
net_position,FFUSDT,FF,False,time,5804,2025-09-28,2026-05-28,1.0,0
net_position,FILUSDT,FIL,True,time,17280,2024-06-07,2026-05-28,1.0,0
net_position,GRASSUSDT,GRASS,False,time,13600,2024-11-07,2026-05-28,1.0,0
net_position,HBARUSDT,HBAR,False,time,17280,2024-06-07,2026-05-28,1.0,0
net_position,HUSDT,H,False,time,8111,2025-06-24,2026-05-28,1.0,0
net_position,HYPEUSDT,HYPE,True,time,8732,2025-05-29,2026-05-28,1.0,0
net_position,ICPUSDT,ICP,False,time,17279,2024-06-07,2026-05-28,1.0,0
net_position,INJUSDT,INJ,False,time,17280,2024-06-07,2026-05-28,1.0,0
net_position,INTCUSDT,INTC,False,time,2779,2026-02-01,2026-05-28,1.0,0
net_position,KITEUSDT,KITE,False,time,5087,2025-10-28,2026-05-28,1.0,0
net_position,LABUSDT,LAB,False,time,5369,2025-10-16,2026-05-28,1.0,0
net_position,LDOUSDT,LDO,True,time,17280,2024-06-07,2026-05-28,1.0,0
net_position,LINKUSDT,LINK,True,time,17280,2024-06-07,2026-05-28,1.0,0
net_position,LTCUSDT,LTC,True,time,17280,2024-06-07,2026-05-28,1.0,0
net_position,MONUSDT,MON,False,time,5546,2025-10-09,2026-05-28,1.0,0
net_position,MUSDT,M,False,time,7824,2025-07-06,2026-05-28,1.0,0
net_position,MUUSDT,MU,False,time,1242,2026-04-06,2026-05-28,1.0,0
net_position,NEARUSDT,NEAR,False,time,17280,2024-06-07,2026-05-28,1.0,0
net_position,NVDAUSDT,NVDA,False,time,1530,2026-03-25,2026-05-28,1.0,0
net_position,ONDOUSDT,ONDO,False,time,17279,2024-06-07,2026-05-28,1.0,0
net_position,OPUSDT,OP,True,time,17280,2024-06-07,2026-05-28,1.0,0
net_position,ORDIUSDT,ORDI,False,time,17280,2024-06-07,2026-05-28,1.0,0
net_position,PAXGUSDT,PAXG,False,time,10269,2025-03-26,2026-05-28,1.0,0
net_position,PENDLEUSDT,PENDLE,False,time,17280,2024-06-07,2026-05-28,1.0,0
net_position,PENGUUSDT,PENGU,False,time,12664,2024-12-16,2026-05-28,1.0,0
net_position,POLUSDT,POL,False,time,14949,2024-09-12,2026-05-28,1.0,0
net_position,PUMPUSDT,PUMP,True,time,7753,2025-07-09,2026-05-28,1.0,0
net_position,RAVEUSDT,RAVE,False,time,3978,2025-12-13,2026-05-28,1.0,0
net_position,RENDERUSDT,RENDER,False,time,16126,2024-07-25,2026-05-28,1.0,0
net_position,RIVERUSDT,RIVER,True,time,5371,2025-10-16,2026-05-28,1.0,0
net_position,SAHARAUSDT,SAHARA,False,time,8086,2025-06-25,2026-05-28,1.0,0
net_position,SEIUSDT,SEI,False,time,17280,2024-06-07,2026-05-28,1.0,0
net_position,SKYAIUSDT,SKYAI,True,time,9143,2025-05-12,2026-05-28,1.0,0
net_position,SNDKUSDT,SNDK,False,time,1243,2026-04-06,2026-05-28,1.0,0
net_position,SOLUSDT,SOL,True,time,17280,2024-06-07,2026-05-28,1.0,0
net_position,SPCXUSDT,SPCX,False,time,197,2026-05-20,2026-05-28,1.0,0
net_position,SUIUSDT,SUI,True,time,17280,2024-06-07,2026-05-28,1.0,0
net_position,TAOUSDT,TAO,True,time,17280,2024-06-07,2026-05-28,1.0,0
net_position,TIAUSDT,TIA,False,time,17280,2024-06-07,2026-05-28,1.0,0
net_position,TONUSDT,TON,True,time,17280,2024-06-07,2026-05-28,1.0,0
net_position,TRUMPUSDT,TRUMP,False,time,11900,2025-01-17,2026-05-28,1.0,0
net_position,TRXUSDT,TRX,True,time,17280,2024-06-07,2026-05-28,1.0,0
net_position,TSLAUSDT,TSLA,False,time,2899,2026-01-27,2026-05-28,1.0,0
net_position,UBUSDT,UB,False,time,6213,2025-09-11,2026-05-28,1.0,0
net_position,UNIUSDT,UNI,False,time,17280,2024-06-07,2026-05-28,1.0,0
net_position,VIRTUALUSDT,VIRTUAL,False,time,12836,2024-12-09,2026-05-28,1.0,0
net_position,VVVUSDT,VVV,False,time,11639,2025-01-28,2026-05-28,1.0,0
net_position,WIFUSDT,WIF,True,time,17280,2024-06-07,2026-05-28,1.0,0
net_position,WLDUSDT,WLD,True,time,17280,2024-06-07,2026-05-28,1.0,0
net_position,WLFIUSDT,WLFI,False,time,6696,2025-08-22,2026-05-28,1.0,0
net_position,XAGUSDT,XAG,True,time,3405,2026-01-06,2026-05-28,1.0,0
net_position,XAUUSDT,XAU,True,time,4054,2025-12-10,2026-05-28,1.0,0
net_position,XLMUSDT,XLM,True,time,17280,2024-06-07,2026-05-28,1.0,0
net_position,XMRUSDT,XMR,True,time,17280,2024-06-07,2026-05-28,1.0,0
net_position,XPLUSDT,XPL,True,time,6719,2025-08-21,2026-05-28,1.0,0
net_position,ZECUSDT,ZEC,True,time,17280,2024-06-07,2026-05-28,1.0,0
net_position,ZROUSDT,ZRO,False,time,16986,2024-06-19,2026-05-28,1.0,0
cvd,0GUSDT,0G,False,time,6000,2025-09-20,2026-05-28,1.0,0
cvd,1000000BOBUSDT,BOB,True,time,8000,2025-06-28,2026-05-28,1.0,0
cvd,1000000MOGUSDT,MOG,True,time,13000,2024-12-02,2026-05-28,1.0,0
cvd,1000BONKUSDT,BONK,False,time,17280,2024-06-07,2026-05-28,1.0,0
cvd,1000CHEEMSUSDT,CHEEMS,False,time,13000,2024-12-02,2026-05-28,1.0,0
cvd,1000FLOKIUSDT,FLOKI,False,time,17280,2024-06-07,2026-05-28,1.0,0
cvd,1000LUNCUSDT,LUNC,True,time,17280,2024-06-07,2026-05-28,1.0,0
cvd,1000PEPEUSDT,PEPE,True,time,17280,2024-06-07,2026-05-28,1.0,0
cvd,1000RATSUSDT,RATS,False,time,17280,2024-06-07,2026-05-28,1.0,0
cvd,1000SATSUSDT,SATS,False,time,17279,2024-06-07,2026-05-28,1.0,0
cvd,1000SHIBUSDT,SHIB,False,time,17280,2024-06-07,2026-05-28,1.0,0
cvd,1000XECUSDT,XEC,False,time,17280,2024-06-07,2026-05-28,1.0,0
cvd,1INCHUSDT,1INCH,True,time,17280,2024-06-07,2026-05-28,1.0,0
cvd,1MBABYDOGEUSDT,1MBABYDOGE,False,time,14000,2024-10-21,2026-05-28,1.0,0
cvd,2ZUSDT,2Z,False,time,5000,2025-10-31,2026-05-28,1.0,0
cvd,4USDT,4,False,time,5000,2025-10-31,2026-05-28,1.0,0
cvd,AAPLUSDT,AAPL,False,time,1000,2026-04-16,2026-05-28,1.0,0
cvd,AAVEUSDT,AAVE,False,time,17280,2024-06-07,2026-05-28,1.0,0
cvd,ACEUSDT,ACE,True,time,17280,2024-06-07,2026-05-28,1.0,0
cvd,ACHUSDT,ACH,False,time,17280,2024-06-07,2026-05-28,1.0,0
cvd,ACUUSDT,ACU,False,time,3000,2026-01-23,2026-05-28,1.0,0
cvd,ACXUSDT,ACX,False,time,12000,2025-01-13,2026-05-28,1.0,0
cvd,ADAUSDT,ADA,True,time,17280,2024-06-07,2026-05-28,1.0,0
cvd,AERGOUSDT,AERGO,False,time,9000,2025-05-18,2026-05-28,1.0,0
cvd,AEROUSDT,AERO,False,time,12000,2025-01-13,2026-05-28,1.0,0
cvd,AEVOUSDT,AEVO,False,time,17280,2024-06-07,2026-05-28,1.0,0
cvd,AGLDUSDT,AGLD,False,time,17280,2024-06-07,2026-05-28,1.0,0
cvd,AIAUSDT,AIA,True,time,3000,2026-01-23,2026-05-28,1.0,0
cvd,AINUSDT,AIN,True,time,7000,2025-08-09,2026-05-28,1.0,0
cvd,AIOUSDT,AIO,False,time,6000,2025-09-20,2026-05-28,1.0,0
cvd,AKEUSDT,AKE,False,time,5000,2025-10-31,2026-05-28,1.0,0
cvd,ALCHUSDT,ALCH,True,time,12000,2025-01-13,2026-05-28,1.0,0
cvd,ALGOUSDT,ALGO,True,time,17280,2024-06-07,2026-05-28,1.0,0
cvd,ALICEUSDT,ALICE,False,time,17280,2024-06-07,2026-05-28,1.0,0
cvd,ALLOUSDT,ALLO,False,time,4000,2025-12-12,2026-05-28,1.0,0
cvd,ALLUSDT,ALL,False,time,7000,2025-08-09,2026-05-28,1.0,0
cvd,ALPINEUSDT,ALPINE,False,time,9000,2025-05-18,2026-05-28,1.0,0
cvd,AMZNUSDT,AMZN,False,time,2000,2026-03-05,2026-05-28,1.0,0
cvd,ANIMEUSDT,ANIME,False,time,11000,2025-02-23,2026-05-28,1.0,0
cvd,ANKRUSDT,ANKR,False,time,17280,2024-06-07,2026-05-28,1.0,0
cvd,APEUSDT,APE,True,time,17280,2024-06-07,2026-05-28,1.0,0
cvd,API3USDT,API3,False,time,17280,2024-06-07,2026-05-28,1.0,0
cvd,APRUSDT,APR,False,time,5000,2025-10-31,2026-05-28,1.0,0
cvd,ARBUSDT,ARB,False,time,17280,2024-06-07,2026-05-28,1.0,0
cvd,ARCUSDT,ARC,True,time,11000,2025-02-23,2026-05-28,1.0,0
cvd,ASTERUSDT,ASTER,True,time,6000,2025-09-20,2026-05-28,1.0,0
cvd,ATOMUSDT,ATOM,True,time,17280,2024-06-07,2026-05-28,1.0,0
cvd,AVAXUSDT,AVAX,False,time,17280,2024-06-07,2026-05-28,1.0,0
cvd,BCHUSDT,BCH,True,time,17279,2024-06-07,2026-05-28,1.0,0
cvd,BSBUSDT,BSB,False,time,1000,2026-04-16,2026-05-27,1.0,0
cvd,BTCUSDT,BTC,True,time,17280,2024-06-06,2026-05-27,1.0,0
cvd,BZUSDT,BZ,True,time,1000,2026-04-16,2026-05-28,1.0,0
cvd,CHZUSDT,CHZ,True,time,17280,2024-06-07,2026-05-28,1.0,0
cvd,CLUSDT,CL,True,time,1000,2026-04-16,2026-05-27,1.0,0
cvd,CRCLUSDT,CRCL,False,time,2000,2026-03-05,2026-05-28,1.0,0
cvd,CRVUSDT,CRV,True,time,17280,2024-06-07,2026-05-28,1.0,0
cvd,DASHUSDT,DASH,True,time,17280,2024-06-07,2026-05-28,1.0,0
cvd,DOGEUSDT,DOGE,True,time,17280,2024-06-07,2026-05-27,1.0,0
cvd,EDGEUSDT,EDGE,False,time,1000,2026-04-16,2026-05-28,1.0,0
cvd,ENAUSDT,ENA,False,time,17280,2024-06-07,2026-05-28,1.0,0
cvd,ESPORTSUSDT,ESPORTS,False,time,7000,2025-08-09,2026-05-27,1.0,0
cvd,ETCUSDT,ETC,False,time,17280,2024-06-07,2026-05-28,1.0,0
cvd,ETHUSDT,ETH,True,time,17280,2024-06-06,2026-05-27,1.0,0
cvd,FARTCOINUSDT,FARTCOIN,False,time,12000,2025-01-13,2026-05-28,1.0,0
cvd,FFUSDT,FF,False,time,5000,2025-10-31,2026-05-28,1.0,0
cvd,FILUSDT,FIL,True,time,17280,2024-06-07,2026-05-28,1.0,0
cvd,GRASSUSDT,GRASS,False,time,13000,2024-12-02,2026-05-28,1.0,0
cvd,HBARUSDT,HBAR,False,time,17280,2024-06-07,2026-05-28,1.0,0
cvd,HUSDT,H,False,time,8000,2025-06-28,2026-05-28,1.0,0
cvd,HYPEUSDT,HYPE,True,time,8000,2025-06-28,2026-05-27,1.0,0
cvd,ICPUSDT,ICP,False,time,17280,2024-06-07,2026-05-28,1.0,0
cvd,INJUSDT,INJ,False,time,17280,2024-06-07,2026-05-28,1.0,0
cvd,INTCUSDT,INTC,False,time,2000,2026-03-05,2026-05-28,1.0,0
cvd,KITEUSDT,KITE,False,time,5000,2025-10-31,2026-05-28,1.0,0
cvd,LABUSDT,LAB,False,time,5000,2025-10-31,2026-05-28,1.0,0
cvd,LDOUSDT,LDO,True,time,17280,2024-06-07,2026-05-28,1.0,0
cvd,LINKUSDT,LINK,True,time,17280,2024-06-07,2026-05-28,1.0,0
cvd,LTCUSDT,LTC,True,time,17280,2024-06-07,2026-05-28,1.0,0
cvd,MONUSDT,MON,False,time,5000,2025-10-31,2026-05-28,1.0,0
cvd,MUSDT,M,False,time,7000,2025-08-09,2026-05-28,1.0,0
cvd,MUUSDT,MU,False,time,1000,2026-04-16,2026-05-28,1.0,0
cvd,NEARUSDT,NEAR,False,time,17280,2024-06-07,2026-05-27,1.0,0
cvd,NVDAUSDT,NVDA,False,time,1000,2026-04-16,2026-05-28,1.0,0
cvd,ONDOUSDT,ONDO,False,time,17280,2024-06-07,2026-05-27,1.0,0
cvd,OPUSDT,OP,True,time,17280,2024-06-07,2026-05-28,1.0,0
cvd,ORDIUSDT,ORDI,False,time,17280,2024-06-07,2026-05-28,1.0,0
cvd,PAXGUSDT,PAXG,False,time,10000,2025-04-06,2026-05-28,1.0,0
cvd,PENDLEUSDT,PENDLE,False,time,17280,2024-06-07,2026-05-28,1.0,0
cvd,PENGUUSDT,PENGU,False,time,12000,2025-01-13,2026-05-28,1.0,0
cvd,POLUSDT,POL,False,time,14000,2024-10-21,2026-05-28,1.0,0
cvd,PUMPUSDT,PUMP,True,time,7000,2025-08-09,2026-05-28,1.0,0
cvd,RAVEUSDT,RAVE,False,time,3000,2026-01-23,2026-05-28,1.0,0
cvd,RENDERUSDT,RENDER,False,time,16000,2024-07-30,2026-05-28,1.0,0
cvd,RIVERUSDT,RIVER,True,time,5000,2025-10-31,2026-05-28,1.0,0
cvd,SAHARAUSDT,SAHARA,False,time,8000,2025-06-28,2026-05-28,1.0,0
cvd,SEIUSDT,SEI,False,time,17280,2024-06-07,2026-05-28,1.0,0
cvd,SKYAIUSDT,SKYAI,True,time,9000,2025-05-18,2026-05-28,1.0,0
cvd,SNDKUSDT,SNDK,False,time,1000,2026-04-16,2026-05-28,1.0,0
cvd,SOLUSDT,SOL,True,time,17280,2024-06-06,2026-05-27,1.0,0
cvd,SUIUSDT,SUI,True,time,17280,2024-06-07,2026-05-27,1.0,0
cvd,TAOUSDT,TAO,True,time,17280,2024-06-07,2026-05-27,1.0,0
cvd,TIAUSDT,TIA,False,time,17280,2024-06-07,2026-05-28,1.0,0
cvd,TONUSDT,TON,True,time,17280,2024-06-07,2026-05-27,1.0,0
cvd,TRUMPUSDT,TRUMP,False,time,11000,2025-02-23,2026-05-28,1.0,0
cvd,TRXUSDT,TRX,True,time,17280,2024-06-07,2026-05-28,1.0,0
cvd,TSLAUSDT,TSLA,False,time,2000,2026-03-05,2026-05-28,1.0,0
cvd,UBUSDT,UB,False,time,6000,2025-09-20,2026-05-27,1.0,0
cvd,UNIUSDT,UNI,False,time,17280,2024-06-07,2026-05-28,1.0,0
cvd,VIRTUALUSDT,VIRTUAL,False,time,12000,2025-01-13,2026-05-28,1.0,0
cvd,VVVUSDT,VVV,False,time,11000,2025-02-23,2026-05-28,1.0,0
cvd,WIFUSDT,WIF,True,time,17280,2024-06-07,2026-05-28,1.0,0
cvd,WLDUSDT,WLD,True,time,17280,2024-06-07,2026-05-27,1.0,0
cvd,WLFIUSDT,WLFI,False,time,6000,2025-09-20,2026-05-28,1.0,0
cvd,XAGUSDT,XAG,True,time,3000,2026-01-23,2026-05-27,1.0,0
cvd,XAUUSDT,XAU,True,time,3000,2026-01-23,2026-05-27,1.0,0
cvd,XLMUSDT,XLM,True,time,17280,2024-06-07,2026-05-28,1.0,0
cvd,XMRUSDT,XMR,True,time,17280,2024-06-07,2026-05-28,1.0,0
cvd,XPLUSDT,XPL,True,time,6000,2025-09-20,2026-05-28,1.0,0
cvd,ZECUSDT,ZEC,True,time,17279,2024-06-07,2026-05-27,1.0,0
cvd,ZROUSDT,ZRO,False,time,16000,2024-07-30,2026-05-28,1.0,0
taker_buysell,0GUSDT,0G,False,time,6045,2025-09-17,2026-05-27,1.0,0
taker_buysell,1000000BOBUSDT,BOB,True,time,8548,2025-06-05,2026-05-27,1.0,0
taker_buysell,1000000MOGUSDT,MOG,True,time,13584,2024-11-07,2026-05-27,1.0,0
taker_buysell,1000BONKUSDT,BONK,False,time,17280,2024-06-06,2026-05-27,1.0,0
taker_buysell,1000CHEEMSUSDT,CHEEMS,False,time,13153,2024-11-25,2026-05-27,1.0,0
taker_buysell,1000FLOKIUSDT,FLOKI,False,time,17280,2024-06-06,2026-05-27,1.0,0
taker_buysell,1000LUNCUSDT,LUNC,True,time,17280,2024-06-06,2026-05-27,1.0,0
taker_buysell,1000PEPEUSDT,PEPE,True,time,17280,2024-06-06,2026-05-27,1.0,0
taker_buysell,1000RATSUSDT,RATS,False,time,17280,2024-06-06,2026-05-27,1.0,0
taker_buysell,1000SATSUSDT,SATS,False,time,17280,2024-06-06,2026-05-27,1.0,0
taker_buysell,1000SHIBUSDT,SHIB,False,time,17280,2024-06-06,2026-05-27,1.0,0
taker_buysell,1000XECUSDT,XEC,False,time,17280,2024-06-06,2026-05-27,1.0,0
taker_buysell,1INCHUSDT,1INCH,True,time,17279,2024-06-06,2026-05-27,1.0,0
taker_buysell,1MBABYDOGEUSDT,1MBABYDOGE,False,time,14834,2024-09-16,2026-05-27,1.0,0
taker_buysell,2ZUSDT,2Z,False,time,5689,2025-10-02,2026-05-27,1.0,0
taker_buysell,4USDT,4,False,time,5546,2025-10-08,2026-05-27,1.0,0
taker_buysell,AAPLUSDT,AAPL,False,time,1224,2026-04-06,2026-05-27,1.0,0
taker_buysell,AAVEUSDT,AAVE,False,time,17280,2024-06-06,2026-05-27,1.0,0
taker_buysell,ACEUSDT,ACE,True,time,17280,2024-06-06,2026-05-27,1.0,0
taker_buysell,ACHUSDT,ACH,False,time,17280,2024-06-06,2026-05-27,1.0,0
taker_buysell,ACUUSDT,ACU,False,time,3025,2026-01-21,2026-05-27,1.0,0
taker_buysell,ACXUSDT,ACX,False,time,12886,2024-12-06,2026-05-27,1.0,0
taker_buysell,ADAUSDT,ADA,True,time,17280,2024-06-06,2026-05-27,1.0,0
taker_buysell,AERGOUSDT,AERGO,False,time,9746,2025-04-16,2026-05-27,1.0,0
taker_buysell,AEROUSDT,AERO,False,time,12935,2024-12-04,2026-05-27,1.0,0
taker_buysell,AEVOUSDT,AEVO,False,time,17280,2024-06-06,2026-05-27,1.0,0
taker_buysell,AGLDUSDT,AGLD,False,time,17280,2024-06-06,2026-05-27,1.0,0
taker_buysell,AIAUSDT,AIA,True,time,3050,2026-01-20,2026-05-27,1.0,0
taker_buysell,AIGENSYNUSDT,AIGENSYN,False,time,671,2026-04-29,2026-05-27,1.0,0
taker_buysell,AINUSDT,AIN,True,time,7707,2025-07-10,2026-05-27,1.0,0
taker_buysell,AIOUSDT,AIO,False,time,6890,2025-08-13,2026-05-27,1.0,0
taker_buysell,AKEUSDT,AKE,False,time,5833,2025-09-26,2026-05-27,1.0,0
taker_buysell,ALCHUSDT,ALCH,True,time,12122,2025-01-07,2026-05-27,1.0,0
taker_buysell,ALGOUSDT,ALGO,True,time,17280,2024-06-06,2026-05-27,1.0,0
taker_buysell,ALICEUSDT,ALICE,False,time,17279,2024-06-06,2026-05-27,1.0,0
taker_buysell,ALLOUSDT,ALLO,False,time,4728,2025-11-11,2026-05-27,1.0,0
taker_buysell,ALLUSDT,ALL,False,time,7060,2025-08-06,2026-05-27,1.0,0
taker_buysell,ALPINEUSDT,ALPINE,False,time,9269,2025-05-06,2026-05-27,1.0,0
taker_buysell,AMDUSDT,AMD,False,time,505,2026-05-06,2026-05-27,1.0,0
taker_buysell,AMZNUSDT,AMZN,False,time,2568,2026-02-09,2026-05-27,1.0,0
taker_buysell,ANIMEUSDT,ANIME,False,time,11733,2025-01-23,2026-05-27,1.0,0
taker_buysell,ANKRUSDT,ANKR,False,time,17280,2024-06-06,2026-05-27,1.0,0
taker_buysell,APEUSDT,APE,True,time,17280,2024-06-06,2026-05-27,1.0,0
taker_buysell,API3USDT,API3,False,time,17280,2024-06-06,2026-05-27,1.0,0
taker_buysell,APRUSDT,APR,False,time,5188,2025-10-23,2026-05-27,1.0,0
taker_buysell,ARBUSDT,ARB,False,time,17280,2024-06-06,2026-05-27,1.0,0
taker_buysell,ARCUSDT,ARC,True,time,11881,2025-01-17,2026-05-27,1.0,0
taker_buysell,ASTERUSDT,ASTER,True,time,5997,2025-09-19,2026-05-27,1.0,0
taker_buysell,ATOMUSDT,ATOM,True,time,17280,2024-06-06,2026-05-27,1.0,0
taker_buysell,AVAXUSDT,AVAX,False,time,17280,2024-06-06,2026-05-27,1.0,0
taker_buysell,BCHUSDT,BCH,True,time,17280,2024-06-06,2026-05-27,1.0,0
taker_buysell,BSBUSDT,BSB,False,time,1509,2026-03-25,2026-05-27,1.0,0
taker_buysell,BTCUSDT,BTC,True,time,17280,2024-06-06,2026-05-27,1.0,0
taker_buysell,BZUSDT,BZ,True,time,1344,2026-04-01,2026-05-27,1.0,0
taker_buysell,CHZUSDT,CHZ,True,time,17280,2024-06-06,2026-05-27,1.0,0
taker_buysell,CLUSDT,CL,True,time,1343,2026-04-01,2026-05-27,1.0,0
taker_buysell,CRCLUSDT,CRCL,False,time,2565,2026-02-09,2026-05-27,1.0,0
taker_buysell,CRVUSDT,CRV,True,time,17280,2024-06-06,2026-05-27,1.0,0
taker_buysell,DASHUSDT,DASH,True,time,17280,2024-06-06,2026-05-27,1.0,0
taker_buysell,DOGEUSDT,DOGE,True,time,17280,2024-06-06,2026-05-27,1.0,0
taker_buysell,EDGEUSDT,EDGE,False,time,1654,2026-03-19,2026-05-27,1.0,0
taker_buysell,ENAUSDT,ENA,False,time,17280,2024-06-06,2026-05-27,1.0,0
taker_buysell,ESPORTSUSDT,ESPORTS,False,time,7247,2025-07-29,2026-05-27,1.0,0
taker_buysell,ETCUSDT,ETC,False,time,17280,2024-06-06,2026-05-27,1.0,0
taker_buysell,ETHUSDT,ETH,True,time,17280,2024-06-06,2026-05-27,1.0,0
taker_buysell,FARTCOINUSDT,FARTCOIN,False,time,12544,2024-12-20,2026-05-27,1.0,0
taker_buysell,FFUSDT,FF,False,time,5756,2025-09-29,2026-05-27,1.0,0
taker_buysell,FILUSDT,FIL,True,time,17280,2024-06-06,2026-05-27,1.0,0
taker_buysell,GRASSUSDT,GRASS,False,time,13554,2024-11-08,2026-05-27,1.0,0
taker_buysell,HBARUSDT,HBAR,False,time,17279,2024-06-06,2026-05-27,1.0,0
taker_buysell,HUSDT,H,False,time,8065,2025-06-25,2026-05-27,1.0,0
taker_buysell,HYPEUSDT,HYPE,True,time,8686,2025-05-30,2026-05-27,1.0,0
taker_buysell,ICPUSDT,ICP,False,time,17280,2024-06-06,2026-05-27,1.0,0
taker_buysell,INJUSDT,INJ,False,time,17280,2024-06-06,2026-05-27,1.0,0
taker_buysell,INTCUSDT,INTC,False,time,2733,2026-02-02,2026-05-27,1.0,0
taker_buysell,KITEUSDT,KITE,False,time,5041,2025-10-29,2026-05-27,1.0,0
taker_buysell,LABUSDT,LAB,False,time,5323,2025-10-17,2026-05-27,1.0,0
taker_buysell,LDOUSDT,LDO,True,time,17280,2024-06-06,2026-05-27,1.0,0
taker_buysell,LINKUSDT,LINK,True,time,17280,2024-06-06,2026-05-27,1.0,0
taker_buysell,LTCUSDT,LTC,True,time,17280,2024-06-06,2026-05-27,1.0,0
taker_buysell,MONUSDT,MON,False,time,5500,2025-10-10,2026-05-27,1.0,0
taker_buysell,MUSDT,M,False,time,7778,2025-07-07,2026-05-27,1.0,0
taker_buysell,MUUSDT,MU,False,time,1197,2026-04-07,2026-05-27,1.0,0
taker_buysell,NEARUSDT,NEAR,False,time,17280,2024-06-06,2026-05-27,1.0,0
taker_buysell,NVDAUSDT,NVDA,False,time,1484,2026-03-26,2026-05-27,1.0,0
taker_buysell,ONDOUSDT,ONDO,False,time,17280,2024-06-06,2026-05-27,1.0,0
taker_buysell,OPUSDT,OP,True,time,17280,2024-06-06,2026-05-27,1.0,0
taker_buysell,ORDIUSDT,ORDI,False,time,17280,2024-06-06,2026-05-27,1.0,0
taker_buysell,PAXGUSDT,PAXG,False,time,10223,2025-03-27,2026-05-27,1.0,0
taker_buysell,PENDLEUSDT,PENDLE,False,time,17280,2024-06-06,2026-05-27,1.0,0
taker_buysell,PENGUUSDT,PENGU,False,time,12618,2024-12-17,2026-05-27,1.0,0
taker_buysell,POLUSDT,POL,False,time,14903,2024-09-13,2026-05-27,1.0,0
taker_buysell,PUMPUSDT,PUMP,True,time,7707,2025-07-10,2026-05-27,1.0,0
taker_buysell,RAVEUSDT,RAVE,False,time,3932,2025-12-14,2026-05-27,1.0,0
taker_buysell,RENDERUSDT,RENDER,False,time,16079,2024-07-26,2026-05-27,1.0,0
taker_buysell,RIVERUSDT,RIVER,True,time,5325,2025-10-17,2026-05-27,1.0,0
taker_buysell,SAHARAUSDT,SAHARA,False,time,8039,2025-06-26,2026-05-27,1.0,0
taker_buysell,SEIUSDT,SEI,False,time,17280,2024-06-06,2026-05-27,1.0,0
taker_buysell,SKYAIUSDT,SKYAI,True,time,9098,2025-05-13,2026-05-27,1.0,0
taker_buysell,SNDKUSDT,SNDK,False,time,1197,2026-04-07,2026-05-27,1.0,0
taker_buysell,SOLUSDT,SOL,True,time,17280,2024-06-06,2026-05-27,1.0,0
taker_buysell,SPCXUSDT,SPCX,False,time,152,2026-05-21,2026-05-27,1.0,0
taker_buysell,SUIUSDT,SUI,True,time,17279,2024-06-06,2026-05-27,1.0,0
taker_buysell,TAOUSDT,TAO,True,time,17280,2024-06-06,2026-05-27,1.0,0
taker_buysell,TIAUSDT,TIA,False,time,17280,2024-06-06,2026-05-27,1.0,0
taker_buysell,TONUSDT,TON,True,time,17280,2024-06-06,2026-05-27,1.0,0
taker_buysell,TRUMPUSDT,TRUMP,False,time,11853,2025-01-18,2026-05-27,1.0,0
taker_buysell,TRXUSDT,TRX,True,time,17280,2024-06-06,2026-05-27,1.0,0
taker_buysell,TSLAUSDT,TSLA,False,time,2853,2026-01-28,2026-05-27,1.0,0
taker_buysell,UBUSDT,UB,False,time,6167,2025-09-12,2026-05-27,1.0,0
taker_buysell,UNIUSDT,UNI,False,time,17280,2024-06-06,2026-05-27,1.0,0
taker_buysell,VIRTUALUSDT,VIRTUAL,False,time,12790,2024-12-10,2026-05-27,1.0,0
taker_buysell,VVVUSDT,VVV,False,time,11593,2025-01-29,2026-05-27,1.0,0
taker_buysell,WIFUSDT,WIF,True,time,17280,2024-06-06,2026-05-27,1.0,0
taker_buysell,WLDUSDT,WLD,True,time,17280,2024-06-06,2026-05-27,1.0,0
taker_buysell,WLFIUSDT,WLFI,False,time,6651,2025-08-23,2026-05-27,1.0,0
taker_buysell,XAGUSDT,XAG,True,time,3358,2026-01-07,2026-05-27,1.0,0
taker_buysell,XAUUSDT,XAU,True,time,3724,2025-12-23,2026-05-27,1.0,0
taker_buysell,XLMUSDT,XLM,True,time,17280,2024-06-06,2026-05-27,1.0,0
taker_buysell,XMRUSDT,XMR,True,time,17280,2024-06-06,2026-05-27,1.0,0
taker_buysell,XPLUSDT,XPL,True,time,6673,2025-08-22,2026-05-27,1.0,0
taker_buysell,ZECUSDT,ZEC,True,time,17280,2024-06-06,2026-05-27,1.0,0
taker_buysell,ZROUSDT,ZRO,False,time,16941,2024-06-20,2026-05-27,1.0,0
macro,DXY,DXY,False,index,544,2022-06-08,2026-06-26,1800.0,543
macro,SP500,SP500,False,index,5659,2004-01-02,2026-06-26,120.0,5658
macro,TREASURY,TREASURY,False,index,662,2024-01-02,2026-06-26,96.0,661
macro,VIX_SYNTH,VIX_SYNTH,False,index,5659,2004-01-02,2026-06-26,120.0,5658
