scan_time_utc,candidate_count,candidate_unique,symbols
2026-05-11T12:00:00+00:00,19,19,"SKYAIUSDT,VVVUSDT,UBUSDT,LABUSDT,SUIUSDT,HUSDT,FFUSDT,RAVEUSDT,WLDUSDT,MUUSDT,1000BONKUSDT,XLMUSDT,ADAUSDT,CRCLUSDT,DOGEUSDT,ENAUSDT,1000PEPEUSDT,ONDOUSDT,LTCUSDT"
2026-05-11T18:00:00+00:00,19,19,"SKYAIUSDT,ESPORTSUSDT,HUSDT,VVVUSDT,CRCLUSDT,FFUSDT,RAVEUSDT,XPLUSDT,UBUSDT,ENAUSDT,MUUSDT,1000BONKUSDT,TSLAUSDT,SUIUSDT,LTCUSDT,NVDAUSDT,ONDOUSDT,WLDUSDT,DOGEUSDT"
2026-04-08T00:00:00+00:00,14,14,"LABUSDT,BZUSDT,FARTCOINUSDT,RIVERUSDT,MONUSDT,1000PEPEUSDT,ENAUSDT,WLDUSDT,SUIUSDT,INTCUSDT,AVAXUSDT,AAVEUSDT,TSLAUSDT,NVDAUSDT"
2026-04-14T00:00:00+00:00,14,14,"RAVEUSDT,SKYAIUSDT,BZUSDT,SNDKUSDT,RIVERUSDT,AAVEUSDT,CRCLUSDT,XPLUSDT,VVVUSDT,ENAUSDT,MONUSDT,FFUSDT,WLDUSDT,LABUSDT"
2026-05-28T12:00:00+00:00,14,14,"1000BONKUSDT,1000PEPEUSDT,XLMUSDT,WLDUSDT,RAVEUSDT,SKYAIUSDT,FFUSDT,UBUSDT,LABUSDT,BCHUSDT,ESPORTSUSDT,TRXUSDT,XPLUSDT,HUSDT"
2026-05-28T18:00:00+00:00,14,14,"1000BONKUSDT,1000PEPEUSDT,ESPORTSUSDT,XLMUSDT,WLDUSDT,RAVEUSDT,UBUSDT,BCHUSDT,XPLUSDT,VVVUSDT,XMRUSDT,SKYAIUSDT,TRXUSDT,HUSDT"
2026-04-14T06:00:00+00:00,13,13,"RAVEUSDT,LABUSDT,SKYAIUSDT,CRCLUSDT,BZUSDT,XPLUSDT,SNDKUSDT,MONUSDT,VVVUSDT,FARTCOINUSDT,FFUSDT,WLDUSDT,AAVEUSDT"
2026-05-06T12:00:00+00:00,13,13,"LABUSDT,SKYAIUSDT,VVVUSDT,FARTCOINUSDT,SNDKUSDT,BZUSDT,INTCUSDT,RAVEUSDT,ENAUSDT,MUUSDT,CRCLUSDT,XMRUSDT,BCHUSDT"
2026-05-11T00:00:00+00:00,13,13,"SUIUSDT,RAVEUSDT,SKYAIUSDT,UBUSDT,VVVUSDT,1000BONKUSDT,WLDUSDT,XLMUSDT,LTCUSDT,1000PEPEUSDT,DOGEUSDT,ONDOUSDT,ENAUSDT"
2026-05-12T06:00:00+00:00,13,13,"HUSDT,ESPORTSUSDT,SKYAIUSDT,UBUSDT,VVVUSDT,CRCLUSDT,FFUSDT,TSLAUSDT,MUUSDT,INTCUSDT,NVDAUSDT,LABUSDT,SUIUSDT"
2026-05-12T18:00:00+00:00,13,13,"SKYAIUSDT,ESPORTSUSDT,UBUSDT,FFUSDT,FARTCOINUSDT,HUSDT,SNDKUSDT,MONUSDT,INTCUSDT,MUUSDT,CRCLUSDT,SUIUSDT,LABUSDT"
2026-05-15T06:00:00+00:00,13,13,"LABUSDT,ESPORTSUSDT,UBUSDT,SKYAIUSDT,XAGUSDT,INTCUSDT,SNDKUSDT,MUUSDT,CRCLUSDT,FFUSDT,ONDOUSDT,NVDAUSDT,XLMUSDT"
2026-05-24T00:00:00+00:00,13,13,"GRASSUSDT,UBUSDT,BZUSDT,ONDOUSDT,WLDUSDT,LABUSDT,SKYAIUSDT,FFUSDT,BCHUSDT,ENAUSDT,1000PEPEUSDT,SUIUSDT,LINKUSDT"
2026-05-29T00:00:00+00:00,13,13,"1000PEPEUSDT,XLMUSDT,HUSDT,UBUSDT,WLDUSDT,ESPORTSUSDT,XPLUSDT,RAVEUSDT,BCHUSDT,XMRUSDT,SNDKUSDT,TRXUSDT,VVVUSDT"
2026-04-08T06:00:00+00:00,12,12,"BZUSDT,LABUSDT,FARTCOINUSDT,RIVERUSDT,ENAUSDT,MONUSDT,INTCUSDT,AVAXUSDT,1000PEPEUSDT,SUIUSDT,AAVEUSDT,TSLAUSDT"
2026-04-08T18:00:00+00:00,12,12,"LABUSDT,BZUSDT,MONUSDT,FARTCOINUSDT,INTCUSDT,ENAUSDT,TSLAUSDT,AAVEUSDT,AVAXUSDT,SUIUSDT,NVDAUSDT,ADAUSDT"
2026-04-14T12:00:00+00:00,12,12,"RAVEUSDT,CRCLUSDT,FARTCOINUSDT,BZUSDT,LABUSDT,SNDKUSDT,XPLUSDT,MONUSDT,FFUSDT,SKYAIUSDT,AAVEUSDT,WLDUSDT"
2026-05-06T06:00:00+00:00,12,12,"LABUSDT,SKYAIUSDT,SNDKUSDT,MUUSDT,INTCUSDT,VVVUSDT,FARTCOINUSDT,UBUSDT,CRCLUSDT,ENAUSDT,RIVERUSDT,BCHUSDT"
2026-05-09T06:00:00+00:00,12,12,"ONDOUSDT,SNDKUSDT,MUUSDT,INTCUSDT,VVVUSDT,SUIUSDT,ENAUSDT,RAVEUSDT,RIVERUSDT,LABUSDT,UBUSDT,HUSDT"
2026-05-11T06:00:00+00:00,12,12,"SUIUSDT,SKYAIUSDT,UBUSDT,ONDOUSDT,WLDUSDT,1000BONKUSDT,ADAUSDT,XLMUSDT,1000PEPEUSDT,LTCUSDT,DOGEUSDT,ENAUSDT"
2026-05-13T00:00:00+00:00,12,12,"UBUSDT,SKYAIUSDT,ESPORTSUSDT,FFUSDT,FARTCOINUSDT,ONDOUSDT,HUSDT,INTCUSDT,SNDKUSDT,MUUSDT,CRCLUSDT,SUIUSDT"
2026-05-24T06:00:00+00:00,12,12,"GRASSUSDT,BZUSDT,UBUSDT,ONDOUSDT,WLDUSDT,SKYAIUSDT,LABUSDT,BCHUSDT,FFUSDT,SUIUSDT,LINKUSDT,ENAUSDT"
2026-05-28T06:00:00+00:00,12,12,"1000BONKUSDT,1000PEPEUSDT,XLMUSDT,WLDUSDT,FFUSDT,VVVUSDT,ONDOUSDT,RAVEUSDT,LABUSDT,ESPORTSUSDT,HUSDT,MUUSDT"
2026-06-30T12:00:00+00:00,12,12,"WLDUSDT,AAVEUSDT,ENAUSDT,XPLUSDT,AVAXUSDT,XLMUSDT,DOGEUSDT,SUIUSDT,TRXUSDT,LTCUSDT,ADAUSDT,LINKUSDT"
2026-06-30T18:00:00+00:00,12,12,"1000PEPEUSDT,WLDUSDT,AAVEUSDT,ENAUSDT,AVAXUSDT,XPLUSDT,DOGEUSDT,TRXUSDT,LTCUSDT,XLMUSDT,ADAUSDT,LINKUSDT"
2026-05-06T00:00:00+00:00,11,11,"LABUSDT,INTCUSDT,SNDKUSDT,MUUSDT,RAVEUSDT,VVVUSDT,FARTCOINUSDT,ENAUSDT,BZUSDT,CRCLUSDT,SKYAIUSDT"
2026-05-06T18:00:00+00:00,11,11,"LABUSDT,VVVUSDT,FARTCOINUSDT,RAVEUSDT,BZUSDT,XPLUSDT,ENAUSDT,XMRUSDT,ONDOUSDT,BCHUSDT,MUUSDT"
2026-05-07T00:00:00+00:00,11,11,"LABUSDT,VVVUSDT,FARTCOINUSDT,ENAUSDT,XPLUSDT,RAVEUSDT,UBUSDT,BZUSDT,BCHUSDT,XMRUSDT,ONDOUSDT"
2026-05-09T00:00:00+00:00,11,11,"ONDOUSDT,MUUSDT,SNDKUSDT,INTCUSDT,LABUSDT,VVVUSDT,ENAUSDT,WLDUSDT,RAVEUSDT,HUSDT,UBUSDT"
2026-05-12T00:00:00+00:00,11,11,"HUSDT,ESPORTSUSDT,SKYAIUSDT,VVVUSDT,CRCLUSDT,XAGUSDT,FFUSDT,MUUSDT,TSLAUSDT,LABUSDT,ONDOUSDT"
2026-05-12T12:00:00+00:00,11,11,"SKYAIUSDT,ESPORTSUSDT,HUSDT,UBUSDT,CRCLUSDT,FFUSDT,MONUSDT,INTCUSDT,TSLAUSDT,NVDAUSDT,LABUSDT"
2026-05-13T18:00:00+00:00,11,11,"LABUSDT,UBUSDT,FFUSDT,SKYAIUSDT,RIVERUSDT,MUUSDT,TSLAUSDT,INTCUSDT,SNDKUSDT,ONDOUSDT,ESPORTSUSDT"
2026-05-15T12:00:00+00:00,11,11,"LABUSDT,ESPORTSUSDT,FFUSDT,SKYAIUSDT,XAGUSDT,MUUSDT,CRCLUSDT,SNDKUSDT,NVDAUSDT,ONDOUSDT,XLMUSDT"
2026-05-15T18:00:00+00:00,11,11,"LABUSDT,FFUSDT,UBUSDT,RIVERUSDT,XAGUSDT,MUUSDT,SNDKUSDT,XLMUSDT,NVDAUSDT,ADAUSDT,LTCUSDT"
2026-05-19T12:00:00+00:00,11,11,"UBUSDT,RIVERUSDT,LABUSDT,MUUSDT,ONDOUSDT,SNDKUSDT,ESPORTSUSDT,BCHUSDT,SKYAIUSDT,NVDAUSDT,FFUSDT"
2026-05-21T18:00:00+00:00,11,11,"GRASSUSDT,UBUSDT,HUSDT,MONUSDT,SNDKUSDT,ONDOUSDT,WLDUSDT,SUIUSDT,ESPORTSUSDT,BZUSDT,XMRUSDT"
2026-05-22T00:00:00+00:00,11,11,"GRASSUSDT,UBUSDT,VVVUSDT,ESPORTSUSDT,HUSDT,RIVERUSDT,SNDKUSDT,WLDUSDT,SUIUSDT,ONDOUSDT,BZUSDT"
2026-05-23T12:00:00+00:00,11,11,"SKYAIUSDT,MONUSDT,FARTCOINUSDT,FFUSDT,GRASSUSDT,ENAUSDT,XPLUSDT,UBUSDT,BCHUSDT,ONDOUSDT,WLDUSDT"
2026-04-08T12:00:00+00:00,10,10,"BZUSDT,MONUSDT,FARTCOINUSDT,LABUSDT,ENAUSDT,INTCUSDT,CRCLUSDT,AAVEUSDT,XPLUSDT,TSLAUSDT"
2026-04-10T12:00:00+00:00,10,10,"RAVEUSDT,LABUSDT,MONUSDT,GRASSUSDT,RIVERUSDT,VVVUSDT,CRCLUSDT,SNDKUSDT,ENAUSDT,INTCUSDT"
2026-04-14T18:00:00+00:00,10,10,"RAVEUSDT,LABUSDT,RIVERUSDT,SKYAIUSDT,FARTCOINUSDT,FFUSDT,BZUSDT,SNDKUSDT,AAVEUSDT,MONUSDT"
2026-04-17T00:00:00+00:00,10,10,"RAVEUSDT,SKYAIUSDT,UBUSDT,ENAUSDT,AAVEUSDT,FARTCOINUSDT,XPLUSDT,1000PEPEUSDT,1000BONKUSDT,TSLAUSDT"
2026-04-17T18:00:00+00:00,10,10,"RAVEUSDT,HUSDT,UBUSDT,LABUSDT,BZUSDT,ENAUSDT,WLDUSDT,VVVUSDT,SKYAIUSDT,TSLAUSDT"
2026-04-18T00:00:00+00:00,10,10,"RAVEUSDT,WLDUSDT,LABUSDT,SKYAIUSDT,UBUSDT,XPLUSDT,HUSDT,BZUSDT,ENAUSDT,TSLAUSDT"
2026-04-18T06:00:00+00:00,10,10,"RAVEUSDT,SKYAIUSDT,LABUSDT,WLDUSDT,ENAUSDT,HUSDT,BZUSDT,XPLUSDT,UBUSDT,TSLAUSDT"
2026-05-07T06:00:00+00:00,10,10,"LABUSDT,VVVUSDT,FARTCOINUSDT,SKYAIUSDT,SNDKUSDT,ENAUSDT,BZUSDT,XPLUSDT,ONDOUSDT,XMRUSDT"
2026-05-13T06:00:00+00:00,10,10,"ESPORTSUSDT,HUSDT,VVVUSDT,UBUSDT,LABUSDT,FFUSDT,SKYAIUSDT,MUUSDT,INTCUSDT,SNDKUSDT"
2026-05-13T12:00:00+00:00,10,10,"LABUSDT,UBUSDT,FFUSDT,HUSDT,VVVUSDT,RIVERUSDT,MUUSDT,ONDOUSDT,SNDKUSDT,INTCUSDT"
2026-05-14T00:00:00+00:00,10,10,"UBUSDT,LABUSDT,SKYAIUSDT,VVVUSDT,RIVERUSDT,FFUSDT,MUUSDT,HUSDT,TSLAUSDT,ONDOUSDT"
2026-05-19T00:00:00+00:00,10,10,"UBUSDT,ONDOUSDT,LABUSDT,VVVUSDT,BCHUSDT,SNDKUSDT,MUUSDT,INTCUSDT,FFUSDT,NVDAUSDT"
2026-05-27T06:00:00+00:00,10,10,"MUUSDT,ESPORTSUSDT,SKYAIUSDT,UBUSDT,WLDUSDT,RIVERUSDT,GRASSUSDT,SNDKUSDT,CRCLUSDT,FFUSDT"
2026-04-17T12:00:00+00:00,9,9,"SKYAIUSDT,RAVEUSDT,UBUSDT,LABUSDT,ENAUSDT,AAVEUSDT,HUSDT,1000BONKUSDT,TSLAUSDT"
2026-04-18T12:00:00+00:00,9,9,"SKYAIUSDT,RAVEUSDT,XPLUSDT,WLDUSDT,HUSDT,FARTCOINUSDT,UBUSDT,ENAUSDT,TSLAUSDT"
2026-04-23T00:00:00+00:00,9,9,"UBUSDT,RAVEUSDT,HUSDT,RIVERUSDT,GRASSUSDT,ENAUSDT,XMRUSDT,TSLAUSDT,SKYAIUSDT"
2026-04-24T18:00:00+00:00,9,9,"ESPORTSUSDT,INTCUSDT,RIVERUSDT,RAVEUSDT,UBUSDT,LABUSDT,NVDAUSDT,GRASSUSDT,SKYAIUSDT"
2026-04-25T00:00:00+00:00,9,9,"ESPORTSUSDT,RAVEUSDT,GRASSUSDT,UBUSDT,SKYAIUSDT,RIVERUSDT,NVDAUSDT,INTCUSDT,LABUSDT"
2026-04-30T00:00:00+00:00,9,9,"SKYAIUSDT,UBUSDT,INTCUSDT,RAVEUSDT,BZUSDT,RIVERUSDT,MONUSDT,DOGEUSDT,1000PEPEUSDT"
2026-05-09T12:00:00+00:00,9,9,"MUUSDT,INTCUSDT,SNDKUSDT,VVVUSDT,UBUSDT,RAVEUSDT,ONDOUSDT,SUIUSDT,HUSDT"
2026-05-14T06:00:00+00:00,9,9,"SKYAIUSDT,RIVERUSDT,UBUSDT,FFUSDT,VVVUSDT,HUSDT,TSLAUSDT,DOGEUSDT,ESPORTSUSDT"
2026-05-14T12:00:00+00:00,9,9,"SKYAIUSDT,UBUSDT,LABUSDT,RIVERUSDT,HUSDT,FARTCOINUSDT,FFUSDT,TSLAUSDT,ESPORTSUSDT"
2026-05-15T00:00:00+00:00,9,9,"ESPORTSUSDT,SKYAIUSDT,FFUSDT,RIVERUSDT,SNDKUSDT,LABUSDT,XAGUSDT,CRCLUSDT,ONDOUSDT"
2026-05-20T12:00:00+00:00,9,9,"VVVUSDT,RIVERUSDT,SKYAIUSDT,SNDKUSDT,MUUSDT,UBUSDT,INTCUSDT,ESPORTSUSDT,BCHUSDT"
2026-05-22T06:00:00+00:00,9,9,"GRASSUSDT,SKYAIUSDT,UBUSDT,WLDUSDT,HUSDT,RIVERUSDT,SNDKUSDT,ESPORTSUSDT,BZUSDT"
2026-05-22T12:00:00+00:00,9,9,"GRASSUSDT,SKYAIUSDT,ESPORTSUSDT,WLDUSDT,HUSDT,VVVUSDT,RIVERUSDT,SNDKUSDT,ONDOUSDT"
2026-05-27T00:00:00+00:00,9,9,"ESPORTSUSDT,SKYAIUSDT,MUUSDT,WLDUSDT,GRASSUSDT,UBUSDT,CRCLUSDT,RIVERUSDT,RAVEUSDT"
2026-07-01T00:00:00+00:00,9,9,"1000PEPEUSDT,WLDUSDT,AAVEUSDT,ENAUSDT,XPLUSDT,DOGEUSDT,TRXUSDT,LTCUSDT,ADAUSDT"
2026-03-25T06:00:00+00:00,8,8,"CRCLUSDT,VVVUSDT,SKYAIUSDT,MONUSDT,XAGUSDT,FARTCOINUSDT,XAUUSDT,RIVERUSDT"
2026-04-02T18:00:00+00:00,8,8,"RIVERUSDT,XPLUSDT,BZUSDT,VVVUSDT,ENAUSDT,INTCUSDT,NVDAUSDT,XAUUSDT"
2026-04-09T12:00:00+00:00,8,8,"RAVEUSDT,FARTCOINUSDT,XPLUSDT,MONUSDT,INTCUSDT,TSLAUSDT,LABUSDT,XMRUSDT"
2026-04-10T00:00:00+00:00,8,8,"RAVEUSDT,FARTCOINUSDT,LABUSDT,VVVUSDT,SNDKUSDT,CRCLUSDT,INTCUSDT,MONUSDT"
2026-04-10T06:00:00+00:00,8,8,"RAVEUSDT,LABUSDT,MONUSDT,VVVUSDT,ENAUSDT,SNDKUSDT,CRCLUSDT,INTCUSDT"
2026-04-12T00:00:00+00:00,8,8,"SKYAIUSDT,RAVEUSDT,FFUSDT,LABUSDT,VVVUSDT,FARTCOINUSDT,HUSDT,RIVERUSDT"
2026-04-13T18:00:00+00:00,8,8,"RAVEUSDT,SKYAIUSDT,RIVERUSDT,CRCLUSDT,SNDKUSDT,LABUSDT,FFUSDT,WLDUSDT"
2026-04-17T06:00:00+00:00,8,8,"SKYAIUSDT,RAVEUSDT,UBUSDT,HUSDT,MONUSDT,ENAUSDT,AAVEUSDT,1000BONKUSDT"
2026-04-19T18:00:00+00:00,8,8,"RAVEUSDT,LABUSDT,AAVEUSDT,RIVERUSDT,XPLUSDT,VVVUSDT,MONUSDT,TRXUSDT"
2026-04-30T06:00:00+00:00,8,8,"SKYAIUSDT,UBUSDT,INTCUSDT,BZUSDT,MONUSDT,RAVEUSDT,DOGEUSDT,1000PEPEUSDT"
2026-05-01T12:00:00+00:00,8,8,"UBUSDT,SKYAIUSDT,HUSDT,RAVEUSDT,SNDKUSDT,MONUSDT,NVDAUSDT,INTCUSDT"
2026-05-02T00:00:00+00:00,8,8,"UBUSDT,LABUSDT,SNDKUSDT,MONUSDT,CRCLUSDT,RAVEUSDT,INTCUSDT,MUUSDT"
2026-05-05T00:00:00+00:00,8,8,"SKYAIUSDT,RAVEUSDT,LABUSDT,CRCLUSDT,ONDOUSDT,MUUSDT,UBUSDT,ENAUSDT"
2026-05-16T00:00:00+00:00,8,8,"LABUSDT,FFUSDT,HUSDT,UBUSDT,XAGUSDT,MUUSDT,SNDKUSDT,NVDAUSDT"
2026-05-16T12:00:00+00:00,8,8,"LABUSDT,RAVEUSDT,SKYAIUSDT,UBUSDT,VVVUSDT,ENAUSDT,FFUSDT,NVDAUSDT"
2026-05-19T06:00:00+00:00,8,8,"ONDOUSDT,RAVEUSDT,UBUSDT,MUUSDT,SNDKUSDT,BCHUSDT,NVDAUSDT,FFUSDT"
2026-05-19T18:00:00+00:00,8,8,"VVVUSDT,RIVERUSDT,SKYAIUSDT,LABUSDT,UBUSDT,ESPORTSUSDT,ONDOUSDT,BCHUSDT"
2026-05-20T00:00:00+00:00,8,8,"RIVERUSDT,UBUSDT,LABUSDT,VVVUSDT,SKYAIUSDT,ESPORTSUSDT,ONDOUSDT,BCHUSDT"
2026-05-23T06:00:00+00:00,8,8,"UBUSDT,SKYAIUSDT,MONUSDT,RIVERUSDT,ONDOUSDT,GRASSUSDT,BCHUSDT,WLDUSDT"
2026-05-23T18:00:00+00:00,8,8,"UBUSDT,SKYAIUSDT,MONUSDT,GRASSUSDT,BCHUSDT,ONDOUSDT,WLDUSDT,FFUSDT"
2026-05-24T12:00:00+00:00,8,8,"GRASSUSDT,UBUSDT,LABUSDT,BZUSDT,WLDUSDT,VVVUSDT,ONDOUSDT,FFUSDT"
2026-05-26T00:00:00+00:00,8,8,"ESPORTSUSDT,UBUSDT,SKYAIUSDT,GRASSUSDT,WLDUSDT,HUSDT,VVVUSDT,TRXUSDT"
2026-05-26T12:00:00+00:00,8,8,"ESPORTSUSDT,WLDUSDT,SKYAIUSDT,GRASSUSDT,RAVEUSDT,XPLUSDT,VVVUSDT,TRXUSDT"
2026-05-26T18:00:00+00:00,8,8,"WLDUSDT,ESPORTSUSDT,MUUSDT,SKYAIUSDT,UBUSDT,RAVEUSDT,RIVERUSDT,GRASSUSDT"
2026-05-27T12:00:00+00:00,8,8,"MUUSDT,GRASSUSDT,SKYAIUSDT,UBUSDT,FFUSDT,SNDKUSDT,WLDUSDT,ESPORTSUSDT"
2026-05-27T18:00:00+00:00,8,8,"HUSDT,SKYAIUSDT,WLDUSDT,FFUSDT,XLMUSDT,GRASSUSDT,MUUSDT,ESPORTSUSDT"
2026-04-02T06:00:00+00:00,7,7,"XPLUSDT,RIVERUSDT,FARTCOINUSDT,INTCUSDT,CRCLUSDT,TSLAUSDT,XAUUSDT"
2026-04-03T00:00:00+00:00,7,7,"RIVERUSDT,XPLUSDT,BZUSDT,ENAUSDT,INTCUSDT,NVDAUSDT,XAUUSDT"
2026-04-09T18:00:00+00:00,7,7,"RAVEUSDT,FARTCOINUSDT,VVVUSDT,CRCLUSDT,INTCUSDT,MONUSDT,LABUSDT"
2026-04-11T12:00:00+00:00,7,7,"RAVEUSDT,SKYAIUSDT,FFUSDT,RIVERUSDT,LABUSDT,VVVUSDT,HUSDT"
2026-04-15T06:00:00+00:00,7,7,"RAVEUSDT,LABUSDT,RIVERUSDT,XPLUSDT,FARTCOINUSDT,SKYAIUSDT,SNDKUSDT"
2026-04-16T18:00:00+00:00,7,7,"SKYAIUSDT,RAVEUSDT,UBUSDT,ENAUSDT,1000PEPEUSDT,AAVEUSDT,TSLAUSDT"
2026-04-19T06:00:00+00:00,7,7,"RAVEUSDT,RIVERUSDT,HUSDT,AAVEUSDT,XPLUSDT,LABUSDT,FARTCOINUSDT"
2026-04-19T12:00:00+00:00,7,7,"RAVEUSDT,RIVERUSDT,HUSDT,AAVEUSDT,XPLUSDT,SKYAIUSDT,LABUSDT"
2026-04-22T12:00:00+00:00,7,7,"HUSDT,RAVEUSDT,GRASSUSDT,RIVERUSDT,UBUSDT,VVVUSDT,CRCLUSDT"
2026-04-23T18:00:00+00:00,7,7,"LABUSDT,SKYAIUSDT,RIVERUSDT,UBUSDT,RAVEUSDT,HUSDT,TSLAUSDT"
2026-04-24T00:00:00+00:00,7,7,"SKYAIUSDT,LABUSDT,UBUSDT,INTCUSDT,HUSDT,RIVERUSDT,GRASSUSDT"
2026-04-30T18:00:00+00:00,7,7,"SKYAIUSDT,RIVERUSDT,NVDAUSDT,UBUSDT,DOGEUSDT,INTCUSDT,MONUSDT"
2026-05-04T18:00:00+00:00,7,7,"SKYAIUSDT,LABUSDT,CRCLUSDT,ONDOUSDT,UBUSDT,MUUSDT,BZUSDT"
2026-05-05T12:00:00+00:00,7,7,"LABUSDT,CRCLUSDT,SKYAIUSDT,RAVEUSDT,UBUSDT,MUUSDT,ONDOUSDT"
2026-05-05T18:00:00+00:00,7,7,"LABUSDT,SNDKUSDT,INTCUSDT,MUUSDT,RAVEUSDT,SKYAIUSDT,CRCLUSDT"
2026-05-07T12:00:00+00:00,7,7,"SKYAIUSDT,VVVUSDT,ONDOUSDT,XPLUSDT,XAGUSDT,ENAUSDT,LABUSDT"
2026-05-07T18:00:00+00:00,7,7,"SKYAIUSDT,VVVUSDT,UBUSDT,ONDOUSDT,XPLUSDT,ENAUSDT,LABUSDT"
2026-05-08T18:00:00+00:00,7,7,"ONDOUSDT,SNDKUSDT,INTCUSDT,MUUSDT,HUSDT,TSLAUSDT,UBUSDT"
2026-05-14T18:00:00+00:00,7,7,"ESPORTSUSDT,SKYAIUSDT,FFUSDT,VVVUSDT,INTCUSDT,CRCLUSDT,ONDOUSDT"
2026-05-16T06:00:00+00:00,7,7,"LABUSDT,SKYAIUSDT,HUSDT,SNDKUSDT,FFUSDT,NVDAUSDT,MUUSDT"
2026-05-21T12:00:00+00:00,7,7,"ESPORTSUSDT,UBUSDT,LABUSDT,WLDUSDT,ONDOUSDT,SUIUSDT,XMRUSDT"
2026-05-26T06:00:00+00:00,7,7,"ESPORTSUSDT,SKYAIUSDT,WLDUSDT,UBUSDT,GRASSUSDT,VVVUSDT,TRXUSDT"
2026-05-28T00:00:00+00:00,7,7,"HUSDT,XLMUSDT,SKYAIUSDT,FFUSDT,WLDUSDT,XPLUSDT,MUUSDT"
2026-06-30T06:00:00+00:00,7,7,"WLDUSDT,ENAUSDT,DOGEUSDT,XLMUSDT,SUIUSDT,TRXUSDT,ADAUSDT"
2026-03-27T12:00:00+00:00,6,6,"RIVERUSDT,UBUSDT,ONDOUSDT,ESPORTSUSDT,TRXUSDT,SKYAIUSDT"
2026-03-27T18:00:00+00:00,6,6,"RIVERUSDT,XAGUSDT,ONDOUSDT,UBUSDT,TRXUSDT,SKYAIUSDT"
2026-04-02T12:00:00+00:00,6,6,"XPLUSDT,RIVERUSDT,BZUSDT,CRCLUSDT,INTCUSDT,FARTCOINUSDT"
2026-04-09T00:00:00+00:00,6,6,"RAVEUSDT,INTCUSDT,FARTCOINUSDT,TSLAUSDT,MONUSDT,LABUSDT"
2026-04-09T06:00:00+00:00,6,6,"RAVEUSDT,FARTCOINUSDT,INTCUSDT,TSLAUSDT,MONUSDT,LABUSDT"
2026-04-10T18:00:00+00:00,6,6,"RAVEUSDT,RIVERUSDT,LABUSDT,HUSDT,MONUSDT,GRASSUSDT"
2026-04-12T06:00:00+00:00,6,6,"SKYAIUSDT,LABUSDT,FFUSDT,HUSDT,FARTCOINUSDT,WLDUSDT"
2026-04-12T12:00:00+00:00,6,6,"RAVEUSDT,SKYAIUSDT,FFUSDT,LABUSDT,WLDUSDT,FARTCOINUSDT"
2026-04-12T18:00:00+00:00,6,6,"RAVEUSDT,LABUSDT,FFUSDT,SKYAIUSDT,BZUSDT,WLDUSDT"
2026-04-13T00:00:00+00:00,6,6,"RAVEUSDT,LABUSDT,SKYAIUSDT,BZUSDT,FFUSDT,FARTCOINUSDT"
2026-04-15T12:00:00+00:00,6,6,"LABUSDT,RAVEUSDT,RIVERUSDT,MONUSDT,XPLUSDT,SNDKUSDT"
2026-04-15T18:00:00+00:00,6,6,"RAVEUSDT,RIVERUSDT,HUSDT,AAVEUSDT,LABUSDT,TSLAUSDT"
2026-04-16T00:00:00+00:00,6,6,"RAVEUSDT,RIVERUSDT,HUSDT,FARTCOINUSDT,TSLAUSDT,LABUSDT"
2026-04-16T12:00:00+00:00,6,6,"UBUSDT,RAVEUSDT,HUSDT,FARTCOINUSDT,TSLAUSDT,LABUSDT"
2026-04-19T00:00:00+00:00,6,6,"RAVEUSDT,RIVERUSDT,HUSDT,XPLUSDT,LABUSDT,AAVEUSDT"
2026-04-22T00:00:00+00:00,6,6,"RAVEUSDT,HUSDT,XMRUSDT,RIVERUSDT,CRCLUSDT,VVVUSDT"
2026-04-22T06:00:00+00:00,6,6,"HUSDT,GRASSUSDT,RAVEUSDT,RIVERUSDT,CRCLUSDT,VVVUSDT"
2026-04-22T18:00:00+00:00,6,6,"UBUSDT,RAVEUSDT,HUSDT,SKYAIUSDT,GRASSUSDT,RIVERUSDT"
2026-04-23T06:00:00+00:00,6,6,"RAVEUSDT,UBUSDT,SKYAIUSDT,RIVERUSDT,HUSDT,TSLAUSDT"
2026-04-23T12:00:00+00:00,6,6,"LABUSDT,RAVEUSDT,HUSDT,UBUSDT,SKYAIUSDT,TSLAUSDT"
2026-04-24T06:00:00+00:00,6,6,"UBUSDT,INTCUSDT,LABUSDT,SKYAIUSDT,RAVEUSDT,RIVERUSDT"
2026-04-24T12:00:00+00:00,6,6,"INTCUSDT,RAVEUSDT,UBUSDT,LABUSDT,SKYAIUSDT,GRASSUSDT"
2026-04-25T06:00:00+00:00,6,6,"ESPORTSUSDT,GRASSUSDT,RAVEUSDT,NVDAUSDT,LABUSDT,INTCUSDT"
2026-04-28T12:00:00+00:00,6,6,"HUSDT,LABUSDT,SKYAIUSDT,BZUSDT,NVDAUSDT,INTCUSDT"
2026-04-28T18:00:00+00:00,6,6,"SKYAIUSDT,HUSDT,UBUSDT,LABUSDT,SNDKUSDT,NVDAUSDT"
2026-04-29T12:00:00+00:00,6,6,"SKYAIUSDT,UBUSDT,RAVEUSDT,HUSDT,DOGEUSDT,SNDKUSDT"
2026-04-30T12:00:00+00:00,6,6,"SKYAIUSDT,INTCUSDT,RIVERUSDT,UBUSDT,MONUSDT,DOGEUSDT"
2026-05-01T00:00:00+00:00,6,6,"SKYAIUSDT,RAVEUSDT,SNDKUSDT,NVDAUSDT,INTCUSDT,UBUSDT"
2026-05-01T06:00:00+00:00,6,6,"SKYAIUSDT,RAVEUSDT,MONUSDT,SNDKUSDT,NVDAUSDT,UBUSDT"
2026-05-01T18:00:00+00:00,6,6,"UBUSDT,HUSDT,RAVEUSDT,SNDKUSDT,MUUSDT,INTCUSDT"
2026-05-02T06:00:00+00:00,6,6,"LABUSDT,UBUSDT,SNDKUSDT,CRCLUSDT,INTCUSDT,MUUSDT"
2026-05-02T12:00:00+00:00,6,6,"LABUSDT,UBUSDT,SNDKUSDT,CRCLUSDT,INTCUSDT,MUUSDT"
2026-05-05T06:00:00+00:00,6,6,"CRCLUSDT,LABUSDT,RAVEUSDT,SKYAIUSDT,MUUSDT,ONDOUSDT"
2026-05-08T00:00:00+00:00,6,6,"SKYAIUSDT,UBUSDT,ONDOUSDT,XPLUSDT,ENAUSDT,LABUSDT"
2026-05-08T06:00:00+00:00,6,6,"UBUSDT,VVVUSDT,SKYAIUSDT,ONDOUSDT,RAVEUSDT,LABUSDT"
2026-05-10T00:00:00+00:00,6,6,"VVVUSDT,LABUSDT,HUSDT,RAVEUSDT,ONDOUSDT,SUIUSDT"
2026-05-10T18:00:00+00:00,6,6,"SUIUSDT,UBUSDT,SKYAIUSDT,VVVUSDT,RAVEUSDT,1000BONKUSDT"
2026-05-18T18:00:00+00:00,6,6,"HUSDT,BCHUSDT,SNDKUSDT,FFUSDT,INTCUSDT,NVDAUSDT"
2026-05-20T06:00:00+00:00,6,6,"VVVUSDT,RIVERUSDT,SKYAIUSDT,ESPORTSUSDT,ONDOUSDT,BCHUSDT"
2026-05-23T00:00:00+00:00,6,6,"UBUSDT,HUSDT,SKYAIUSDT,FARTCOINUSDT,ONDOUSDT,WLDUSDT"
2026-05-24T18:00:00+00:00,6,6,"UBUSDT,GRASSUSDT,VVVUSDT,ONDOUSDT,BZUSDT,LINKUSDT"
2026-05-25T18:00:00+00:00,6,6,"ESPORTSUSDT,HUSDT,SKYAIUSDT,VVVUSDT,UBUSDT,TRXUSDT"
2026-03-25T00:00:00+00:00,5,5,"CRCLUSDT,VVVUSDT,MONUSDT,XAUUSDT,RIVERUSDT"
2026-03-26T00:00:00+00:00,5,5,"ESPORTSUSDT,MONUSDT,RIVERUSDT,ENAUSDT,INTCUSDT"
2026-03-26T18:00:00+00:00,5,5,"UBUSDT,ESPORTSUSDT,RIVERUSDT,VVVUSDT,ENAUSDT"
2026-03-27T00:00:00+00:00,5,5,"ESPORTSUSDT,RIVERUSDT,UBUSDT,HUSDT,WLDUSDT"
2026-03-27T06:00:00+00:00,5,5,"RIVERUSDT,UBUSDT,ONDOUSDT,ESPORTSUSDT,HUSDT"
2026-03-28T00:00:00+00:00,5,5,"RIVERUSDT,WLDUSDT,TRXUSDT,ONDOUSDT,UBUSDT"
2026-04-07T12:00:00+00:00,5,5,"LABUSDT,AAVEUSDT,MONUSDT,AVAXUSDT,TSLAUSDT"
2026-04-11T00:00:00+00:00,5,5,"RAVEUSDT,FFUSDT,RIVERUSDT,LABUSDT,HUSDT"
2026-04-11T06:00:00+00:00,5,5,"RAVEUSDT,FFUSDT,HUSDT,RIVERUSDT,LABUSDT"
2026-04-11T18:00:00+00:00,5,5,"SKYAIUSDT,RAVEUSDT,FFUSDT,VVVUSDT,LABUSDT"
2026-04-13T06:00:00+00:00,5,5,"RAVEUSDT,LABUSDT,FFUSDT,SKYAIUSDT,AAVEUSDT"
2026-04-13T12:00:00+00:00,5,5,"RAVEUSDT,LABUSDT,SKYAIUSDT,VVVUSDT,FFUSDT"
2026-04-15T00:00:00+00:00,5,5,"RAVEUSDT,LABUSDT,RIVERUSDT,SKYAIUSDT,SNDKUSDT"
2026-04-27T18:00:00+00:00,5,5,"LABUSDT,SNDKUSDT,HUSDT,UBUSDT,INTCUSDT"
2026-04-28T00:00:00+00:00,5,5,"SKYAIUSDT,SNDKUSDT,LABUSDT,INTCUSDT,HUSDT"
2026-04-29T00:00:00+00:00,5,5,"SKYAIUSDT,HUSDT,UBUSDT,SNDKUSDT,NVDAUSDT"
2026-04-29T18:00:00+00:00,5,5,"SKYAIUSDT,UBUSDT,RAVEUSDT,INTCUSDT,DOGEUSDT"
2026-05-03T12:00:00+00:00,5,5,"LABUSDT,UBUSDT,SKYAIUSDT,RAVEUSDT,TRXUSDT"
2026-05-04T06:00:00+00:00,5,5,"LABUSDT,SKYAIUSDT,UBUSDT,ONDOUSDT,TRXUSDT"
2026-05-04T12:00:00+00:00,5,5,"SKYAIUSDT,UBUSDT,ONDOUSDT,LABUSDT,HUSDT"
2026-05-09T18:00:00+00:00,5,5,"VVVUSDT,RAVEUSDT,HUSDT,ONDOUSDT,SUIUSDT"
2026-05-10T06:00:00+00:00,5,5,"SKYAIUSDT,LABUSDT,XPLUSDT,UBUSDT,ONDOUSDT"
2026-05-21T00:00:00+00:00,5,5,"ESPORTSUSDT,SKYAIUSDT,UBUSDT,ONDOUSDT,XMRUSDT"
2026-05-21T06:00:00+00:00,5,5,"UBUSDT,SUIUSDT,ESPORTSUSDT,ONDOUSDT,XMRUSDT"
2026-05-22T18:00:00+00:00,5,5,"UBUSDT,SKYAIUSDT,GRASSUSDT,WLDUSDT,ONDOUSDT"
2026-05-29T06:00:00+00:00,5,5,"XLMUSDT,XPLUSDT,BCHUSDT,WLDUSDT,TRXUSDT"
2026-05-29T12:00:00+00:00,5,5,"XLMUSDT,XPLUSDT,TRXUSDT,BCHUSDT,WLDUSDT"
2026-03-25T12:00:00+00:00,4,4,"VVVUSDT,CRCLUSDT,RIVERUSDT,MONUSDT"
2026-03-25T18:00:00+00:00,4,4,"VVVUSDT,RIVERUSDT,MONUSDT,FARTCOINUSDT"
2026-03-26T12:00:00+00:00,4,4,"ESPORTSUSDT,RIVERUSDT,ENAUSDT,UBUSDT"
2026-03-31T06:00:00+00:00,4,4,"RIVERUSDT,UBUSDT,NVDAUSDT,TRXUSDT"
2026-04-02T00:00:00+00:00,4,4,"XPLUSDT,INTCUSDT,RIVERUSDT,FARTCOINUSDT"
2026-04-03T06:00:00+00:00,4,4,"RIVERUSDT,MONUSDT,INTCUSDT,XPLUSDT"
2026-04-07T00:00:00+00:00,4,4,"LABUSDT,RIVERUSDT,TSLAUSDT,AVAXUSDT"
2026-04-16T06:00:00+00:00,4,4,"FARTCOINUSDT,1000PEPEUSDT,TSLAUSDT,RAVEUSDT"
2026-04-18T18:00:00+00:00,4,4,"RAVEUSDT,HUSDT,LABUSDT,XPLUSDT"
2026-04-20T00:00:00+00:00,4,4,"RAVEUSDT,AAVEUSDT,LABUSDT,TRXUSDT"
2026-04-20T12:00:00+00:00,4,4,"RAVEUSDT,RIVERUSDT,LABUSDT,SKYAIUSDT"
2026-04-21T00:00:00+00:00,4,4,"RAVEUSDT,SKYAIUSDT,RIVERUSDT,AAVEUSDT"
2026-04-21T12:00:00+00:00,4,4,"RAVEUSDT,SKYAIUSDT,RIVERUSDT,AAVEUSDT"
2026-04-25T12:00:00+00:00,4,4,"GRASSUSDT,ESPORTSUSDT,NVDAUSDT,UBUSDT"
2026-04-26T00:00:00+00:00,4,4,"ESPORTSUSDT,LABUSDT,HUSDT,UBUSDT"
2026-04-27T06:00:00+00:00,4,4,"LABUSDT,UBUSDT,HUSDT,RAVEUSDT"
2026-04-28T06:00:00+00:00,4,4,"SKYAIUSDT,LABUSDT,SNDKUSDT,INTCUSDT"
2026-04-29T06:00:00+00:00,4,4,"SKYAIUSDT,HUSDT,UBUSDT,SNDKUSDT"
2026-05-02T18:00:00+00:00,4,4,"LABUSDT,UBUSDT,SKYAIUSDT,SNDKUSDT"
2026-05-03T06:00:00+00:00,4,4,"LABUSDT,SKYAIUSDT,UBUSDT,TRXUSDT"
2026-05-03T18:00:00+00:00,4,4,"UBUSDT,LABUSDT,SKYAIUSDT,TRXUSDT"
2026-05-04T00:00:00+00:00,4,4,"UBUSDT,SKYAIUSDT,LABUSDT,TRXUSDT"
2026-05-10T12:00:00+00:00,4,4,"LABUSDT,UBUSDT,SKYAIUSDT,SUIUSDT"
2026-05-16T18:00:00+00:00,4,4,"UBUSDT,LABUSDT,ESPORTSUSDT,FFUSDT"
2026-05-17T06:00:00+00:00,4,4,"UBUSDT,HUSDT,RIVERUSDT,FFUSDT"
2026-05-18T12:00:00+00:00,4,4,"BCHUSDT,UBUSDT,RIVERUSDT,FFUSDT"
2026-05-25T12:00:00+00:00,4,4,"ESPORTSUSDT,UBUSDT,HUSDT,SKYAIUSDT"
2026-05-29T18:00:00+00:00,4,4,"WLDUSDT,TRXUSDT,XLMUSDT,BCHUSDT"
2026-03-26T06:00:00+00:00,3,3,"ESPORTSUSDT,MONUSDT,ENAUSDT"
2026-03-28T06:00:00+00:00,3,3,"WLDUSDT,ESPORTSUSDT,TRXUSDT"
2026-03-30T06:00:00+00:00,3,3,"UBUSDT,BCHUSDT,TRXUSDT"
2026-03-30T12:00:00+00:00,3,3,"VVVUSDT,UBUSDT,TRXUSDT"
2026-03-31T00:00:00+00:00,3,3,"RIVERUSDT,UBUSDT,TRXUSDT"
2026-03-31T18:00:00+00:00,3,3,"RIVERUSDT,NVDAUSDT,TSLAUSDT"
2026-04-01T06:00:00+00:00,3,3,"MONUSDT,RIVERUSDT,VVVUSDT"
2026-04-01T18:00:00+00:00,3,3,"RIVERUSDT,XPLUSDT,INTCUSDT"
2026-04-03T12:00:00+00:00,3,3,"MONUSDT,XPLUSDT,INTCUSDT"
2026-04-06T06:00:00+00:00,3,3,"LABUSDT,RIVERUSDT,XPLUSDT"
2026-04-06T18:00:00+00:00,3,3,"LABUSDT,RIVERUSDT,VVVUSDT"
2026-04-07T06:00:00+00:00,3,3,"LABUSDT,RIVERUSDT,AVAXUSDT"
2026-04-07T18:00:00+00:00,3,3,"LABUSDT,RIVERUSDT,INTCUSDT"
2026-04-20T06:00:00+00:00,3,3,"RAVEUSDT,TRXUSDT,LABUSDT"
2026-04-20T18:00:00+00:00,3,3,"RAVEUSDT,SKYAIUSDT,LABUSDT"
2026-04-21T06:00:00+00:00,3,3,"RAVEUSDT,SKYAIUSDT,AAVEUSDT"
2026-04-21T18:00:00+00:00,3,3,"RAVEUSDT,RIVERUSDT,AAVEUSDT"
2026-04-26T06:00:00+00:00,3,3,"LABUSDT,UBUSDT,HUSDT"
2026-04-27T12:00:00+00:00,3,3,"LABUSDT,HUSDT,UBUSDT"
2026-05-03T00:00:00+00:00,3,3,"LABUSDT,SKYAIUSDT,UBUSDT"
2026-05-08T12:00:00+00:00,3,3,"LABUSDT,ONDOUSDT,UBUSDT"
2026-05-17T00:00:00+00:00,3,3,"UBUSDT,HUSDT,FFUSDT"
2026-05-17T12:00:00+00:00,3,3,"UBUSDT,VVVUSDT,FFUSDT"
2026-05-18T00:00:00+00:00,3,3,"VVVUSDT,RAVEUSDT,FFUSDT"
2026-05-30T00:00:00+00:00,3,3,"XLMUSDT,WLDUSDT,TRXUSDT"
2026-07-02T06:00:00+00:00,3,3,"WLDUSDT,LTCUSDT,1000PEPEUSDT"
2026-07-03T18:00:00+00:00,3,3,"XPLUSDT,WLDUSDT,ADAUSDT"
2026-07-04T00:00:00+00:00,3,3,"1000PEPEUSDT,XPLUSDT,ADAUSDT"
2026-07-04T06:00:00+00:00,3,3,"1000PEPEUSDT,XPLUSDT,ADAUSDT"
2026-03-28T12:00:00+00:00,2,2,"TRXUSDT,WLDUSDT"
2026-03-28T18:00:00+00:00,2,2,"RIVERUSDT,WLDUSDT"
2026-03-29T00:00:00+00:00,2,2,"RIVERUSDT,WLDUSDT"
2026-03-30T18:00:00+00:00,2,2,"UBUSDT,TRXUSDT"
2026-03-31T12:00:00+00:00,2,2,"RIVERUSDT,TRXUSDT"
2026-04-03T18:00:00+00:00,2,2,"MONUSDT,XPLUSDT"
2026-04-04T00:00:00+00:00,2,2,"MONUSDT,XPLUSDT"
2026-04-04T18:00:00+00:00,2,2,"ESPORTSUSDT,SKYAIUSDT"
2026-04-05T00:00:00+00:00,2,2,"ESPORTSUSDT,SKYAIUSDT"
2026-04-05T06:00:00+00:00,2,2,"ESPORTSUSDT,SKYAIUSDT"
2026-04-05T12:00:00+00:00,2,2,"SKYAIUSDT,RIVERUSDT"
2026-04-05T18:00:00+00:00,2,2,"RIVERUSDT,HUSDT"
2026-04-06T00:00:00+00:00,2,2,"SKYAIUSDT,RIVERUSDT"
2026-04-25T18:00:00+00:00,2,2,"ESPORTSUSDT,UBUSDT"
2026-04-26T12:00:00+00:00,2,2,"LABUSDT,HUSDT"
2026-04-26T18:00:00+00:00,2,2,"SKYAIUSDT,LABUSDT"
2026-04-27T00:00:00+00:00,2,2,"LABUSDT,UBUSDT"
2026-05-17T18:00:00+00:00,2,2,"UBUSDT,FFUSDT"
2026-05-18T06:00:00+00:00,2,2,"BCHUSDT,FFUSDT"
2026-05-20T18:00:00+00:00,2,2,"SKYAIUSDT,ESPORTSUSDT"
2026-05-25T00:00:00+00:00,2,2,"UBUSDT,HUSDT"
2026-05-25T06:00:00+00:00,2,2,"UBUSDT,HUSDT"
2026-05-30T06:00:00+00:00,2,2,"XLMUSDT,TRXUSDT"
2026-05-30T18:00:00+00:00,2,2,"XLMUSDT,WLDUSDT"
2026-05-31T00:00:00+00:00,2,2,"WLDUSDT,XLMUSDT"
2026-05-31T12:00:00+00:00,2,2,"WLDUSDT,XLMUSDT"
2026-05-31T18:00:00+00:00,2,2,"WLDUSDT,XLMUSDT"
2026-06-01T06:00:00+00:00,2,2,"WLDUSDT,XLMUSDT"
2026-07-01T06:00:00+00:00,2,2,"XLMUSDT,XPLUSDT"
2026-07-01T18:00:00+00:00,2,2,"WLDUSDT,XLMUSDT"
2026-07-02T00:00:00+00:00,2,2,"WLDUSDT,LTCUSDT"
2026-07-02T12:00:00+00:00,2,2,"WLDUSDT,LTCUSDT"
2026-07-03T12:00:00+00:00,2,2,"XPLUSDT,WLDUSDT"
2026-07-04T18:00:00+00:00,2,2,"ADAUSDT,1000PEPEUSDT"
2026-03-29T06:00:00+00:00,1,1,WLDUSDT
2026-03-30T00:00:00+00:00,1,1,TRXUSDT
2026-04-01T00:00:00+00:00,1,1,MONUSDT
2026-04-01T12:00:00+00:00,1,1,RIVERUSDT
2026-04-04T06:00:00+00:00,1,1,RIVERUSDT
2026-04-04T12:00:00+00:00,1,1,SKYAIUSDT
2026-04-06T12:00:00+00:00,1,1,LABUSDT
2026-05-30T12:00:00+00:00,1,1,XLMUSDT
2026-06-01T00:00:00+00:00,1,1,XLMUSDT
2026-07-01T12:00:00+00:00,1,1,XLMUSDT
2026-07-03T00:00:00+00:00,1,1,WLDUSDT
2026-07-03T06:00:00+00:00,1,1,WLDUSDT
2026-07-04T12:00:00+00:00,1,1,1000PEPEUSDT
2026-07-05T00:00:00+00:00,1,1,ADAUSDT
2026-07-05T06:00:00+00:00,1,1,ADAUSDT
2026-07-05T12:00:00+00:00,1,1,ADAUSDT
2026-07-05T18:00:00+00:00,1,1,WLDUSDT
2026-03-29T12:00:00+00:00,0,0,
2026-03-29T18:00:00+00:00,0,0,
2026-05-31T06:00:00+00:00,0,0,
2026-06-01T12:00:00+00:00,0,0,
2026-06-01T18:00:00+00:00,0,0,
2026-06-02T00:00:00+00:00,0,0,
2026-06-02T06:00:00+00:00,0,0,
2026-06-02T12:00:00+00:00,0,0,
2026-06-02T18:00:00+00:00,0,0,
2026-06-03T00:00:00+00:00,0,0,
2026-06-03T06:00:00+00:00,0,0,
2026-06-03T12:00:00+00:00,0,0,
2026-06-03T18:00:00+00:00,0,0,
2026-06-04T00:00:00+00:00,0,0,
2026-06-04T06:00:00+00:00,0,0,
2026-06-04T12:00:00+00:00,0,0,
2026-06-04T18:00:00+00:00,0,0,
2026-06-05T00:00:00+00:00,0,0,
2026-06-05T06:00:00+00:00,0,0,
2026-06-05T12:00:00+00:00,0,0,
2026-06-05T18:00:00+00:00,0,0,
2026-06-06T00:00:00+00:00,0,0,
2026-06-06T06:00:00+00:00,0,0,
2026-06-06T12:00:00+00:00,0,0,
2026-06-06T18:00:00+00:00,0,0,
2026-06-07T00:00:00+00:00,0,0,
2026-06-07T06:00:00+00:00,0,0,
2026-06-07T12:00:00+00:00,0,0,
2026-06-07T18:00:00+00:00,0,0,
2026-06-08T00:00:00+00:00,0,0,
2026-06-08T06:00:00+00:00,0,0,
2026-06-08T12:00:00+00:00,0,0,
2026-06-08T18:00:00+00:00,0,0,
2026-06-09T00:00:00+00:00,0,0,
2026-06-09T06:00:00+00:00,0,0,
2026-06-09T12:00:00+00:00,0,0,
2026-06-09T18:00:00+00:00,0,0,
2026-06-10T00:00:00+00:00,0,0,
2026-06-10T06:00:00+00:00,0,0,
2026-06-10T12:00:00+00:00,0,0,
2026-06-10T18:00:00+00:00,0,0,
2026-06-11T00:00:00+00:00,0,0,
2026-06-11T06:00:00+00:00,0,0,
2026-06-11T12:00:00+00:00,0,0,
2026-06-11T18:00:00+00:00,0,0,
2026-06-12T00:00:00+00:00,0,0,
2026-06-12T06:00:00+00:00,0,0,
2026-06-12T12:00:00+00:00,0,0,
2026-06-12T18:00:00+00:00,0,0,
2026-06-13T00:00:00+00:00,0,0,
2026-06-13T06:00:00+00:00,0,0,
2026-06-13T12:00:00+00:00,0,0,
2026-06-13T18:00:00+00:00,0,0,
2026-06-14T00:00:00+00:00,0,0,
2026-06-14T06:00:00+00:00,0,0,
2026-06-14T12:00:00+00:00,0,0,
2026-06-14T18:00:00+00:00,0,0,
2026-06-15T00:00:00+00:00,0,0,
2026-06-15T06:00:00+00:00,0,0,
2026-06-15T12:00:00+00:00,0,0,
2026-06-15T18:00:00+00:00,0,0,
2026-06-16T00:00:00+00:00,0,0,
2026-06-16T06:00:00+00:00,0,0,
2026-06-16T12:00:00+00:00,0,0,
2026-06-16T18:00:00+00:00,0,0,
2026-06-17T00:00:00+00:00,0,0,
2026-06-17T06:00:00+00:00,0,0,
2026-06-17T12:00:00+00:00,0,0,
2026-06-17T18:00:00+00:00,0,0,
2026-06-18T00:00:00+00:00,0,0,
2026-06-18T06:00:00+00:00,0,0,
2026-06-18T12:00:00+00:00,0,0,
2026-06-18T18:00:00+00:00,0,0,
2026-06-19T00:00:00+00:00,0,0,
2026-06-19T06:00:00+00:00,0,0,
2026-06-19T12:00:00+00:00,0,0,
2026-06-19T18:00:00+00:00,0,0,
2026-06-20T00:00:00+00:00,0,0,
2026-06-20T06:00:00+00:00,0,0,
2026-06-20T12:00:00+00:00,0,0,
2026-06-20T18:00:00+00:00,0,0,
2026-06-21T00:00:00+00:00,0,0,
2026-06-21T06:00:00+00:00,0,0,
2026-06-21T12:00:00+00:00,0,0,
2026-06-21T18:00:00+00:00,0,0,
2026-06-22T00:00:00+00:00,0,0,
2026-06-22T06:00:00+00:00,0,0,
2026-06-22T12:00:00+00:00,0,0,
2026-06-22T18:00:00+00:00,0,0,
2026-06-23T00:00:00+00:00,0,0,
2026-06-23T06:00:00+00:00,0,0,
2026-06-23T12:00:00+00:00,0,0,
2026-06-23T18:00:00+00:00,0,0,
2026-06-24T00:00:00+00:00,0,0,
2026-06-24T06:00:00+00:00,0,0,
2026-06-24T12:00:00+00:00,0,0,
2026-06-24T18:00:00+00:00,0,0,
2026-06-25T00:00:00+00:00,0,0,
2026-06-25T06:00:00+00:00,0,0,
2026-06-25T12:00:00+00:00,0,0,
2026-06-25T18:00:00+00:00,0,0,
2026-06-26T00:00:00+00:00,0,0,
2026-06-26T06:00:00+00:00,0,0,
2026-06-26T12:00:00+00:00,0,0,
2026-06-26T18:00:00+00:00,0,0,
2026-06-27T00:00:00+00:00,0,0,
2026-06-27T06:00:00+00:00,0,0,
2026-06-27T12:00:00+00:00,0,0,
2026-06-27T18:00:00+00:00,0,0,
2026-06-28T00:00:00+00:00,0,0,
2026-06-28T06:00:00+00:00,0,0,
2026-06-28T12:00:00+00:00,0,0,
2026-06-28T18:00:00+00:00,0,0,
2026-06-29T00:00:00+00:00,0,0,
2026-06-29T06:00:00+00:00,0,0,
2026-06-29T12:00:00+00:00,0,0,
2026-06-29T18:00:00+00:00,0,0,
2026-06-30T00:00:00+00:00,0,0,
2026-07-02T18:00:00+00:00,0,0,
2026-07-06T00:00:00+00:00,0,0,
