schema_version,run_id,record_id,scan_time_utc,symbol,rank,turnover_24h_usd,history_tier,eligible_for_paper,trigger_reason,trigger_metric,trigger_value,trigger_quantile,large_move_flag_24h,abs_move_pct_24h,excess_move_pct_24h,funding_sign,funding_rate_8h,oi_change_pct_24h,is_top_candidate,decision,direction,direction_sign,testable_hypothesis,falsified,entry_price_ref,exit_price_ref_4h,exit_price_ref_24h,exit_price_ref_72h,exit_price_ref_7d,btc_entry_price,btc_exit_price_4h,btc_exit_price_24h,btc_exit_price_72h,btc_exit_price_7d,dir_excess_ret_4h,dir_excess_ret_24h,dir_excess_ret_72h,dir_excess_ret_7d,friction_bps_roundtrip,funding_cost_component,dir_excess_ret_net_4h,dir_excess_ret_net_24h,dir_excess_ret_net_72h,dir_excess_ret_net_7d,red_team_ref,decision_time_utc,notes
v1,20260707_0346_utc,20260707_0346_utc_0003,2026-07-07T03:46:13.616319+00:00,HUSDT,57,66670997.95,Full,Yes,large_move_abs|large_move_excess,vol_24h,0.0284824605975744,0.7434456928838952,True,-34.755867278122466,-34.72543785353245,negative,-0.221988,,True,,,,,,,,,,,,,,,,,,,,51.0,-0.0,,,,,,,
v1,20260707_0346_utc,20260707_0346_utc_0002,2026-07-07T03:46:13.616319+00:00,ESPORTSUSDT,16,111554494.87,Full,Yes,large_move_abs|large_move_excess,vol_24h,0.0284598910391516,0.7120786516853933,True,-18.445404071560755,-18.414974646970737,positive,0.038114,,True,,,,,,,,,,,,,,,,,,,,31.0,0.0,,,,,,,
v1,20260707_0346_utc,20260707_0346_utc_0007,2026-07-07T03:46:13.616319+00:00,UBUSDT,18,95099036.81,Full,Yes,large_move_abs|large_move_excess,vol_24h,0.0476847746984306,0.8595505617977528,True,-18.42306710895637,-18.39263768436636,positive,0.005,,True,,,,,,,,,,,,,,,,,,,,51.0,0.0,,,,,,,
v1,20260707_0346_utc,20260707_0346_utc_0006,2026-07-07T03:46:13.616319+00:00,SPCXUSDT,80,25210294.46,Insufficient,No,large_move_abs|large_move_excess,vol_24h,0.0136477163633471,0.8070404172099087,True,-12.911807992754444,-12.881378568164426,positive,0.008106,,True,,,,,,,,,,,,,,,,,,,,91.0,0.0,,,,,,,
v1,20260707_0346_utc,20260707_0346_utc_0005,2026-07-07T03:46:13.616319+00:00,SKYAIUSDT,64,51250717.12,Full,Yes,large_move_abs|large_move_excess,vol_24h,0.014701250717527,0.1591760299625468,True,-12.458541721505668,-12.42811229691565,positive,0.005,,True,,,,,,,,,,,,,,,,,,,,51.0,0.0,,,,,,,
v1,20260707_0346_utc,20260707_0346_utc_0004,2026-07-07T03:46:13.616319+00:00,LABUSDT,31,200209530.77,Full,Yes,large_move_abs|large_move_excess,vol_24h,0.0253742922775317,0.4208801498127341,True,11.216261246251236,11.246690670841254,negative,-0.026635,,False,AutoSkipped,Neutral,0.0,,,,,,,,,,,,,,,,,31.0,-0.0,,,,,,,
v1,20260707_0346_utc,20260707_0346_utc_0001,2026-07-07T03:46:13.616319+00:00,1000BONKUSDT,68,11214217.57,Full,Yes,vol_quantile_high|large_move_excess,vol_24h,0.0213420587395349,0.9662921348314608,True,-8.677685950413228,-8.64725652582321,positive,0.002102,,False,AutoSkipped,Neutral,0.0,,,,,,,,,,,,,,,,,91.0,0.0,,,,,,,
v1,20260707_0349_utc,20260707_0349_utc_0003,2026-07-07T03:49:50.258086+00:00,HUSDT,57,66670997.95,Full,Yes,large_move_abs|large_move_excess,vol_24h,0.0284824605975744,0.7434456928838952,True,-34.755867278122466,-34.72543785353245,negative,-0.221988,,True,,,,,,,,,,,,,,,,,,,,51.0,,,,,,,,
v1,20260707_0349_utc,20260707_0349_utc_0002,2026-07-07T03:49:50.258086+00:00,ESPORTSUSDT,16,111554494.87,Full,Yes,large_move_abs|large_move_excess,vol_24h,0.0284598910391516,0.7120786516853933,True,-18.445404071560755,-18.414974646970737,positive,0.038114,,True,,,,,,,,,,,,,,,,,,,,31.0,,,,,,,,
v1,20260707_0349_utc,20260707_0349_utc_0007,2026-07-07T03:49:50.258086+00:00,UBUSDT,18,95099036.81,Full,Yes,large_move_abs|large_move_excess,vol_24h,0.0476847746984306,0.8595505617977528,True,-18.42306710895637,-18.39263768436636,positive,0.005,,True,,,,,,,,,,,,,,,,,,,,51.0,,,,,,,,
v1,20260707_0349_utc,20260707_0349_utc_0006,2026-07-07T03:49:50.258086+00:00,SPCXUSDT,80,25210294.46,Insufficient,No,large_move_abs|large_move_excess,vol_24h,0.0136477163633471,0.8070404172099087,True,-12.911807992754444,-12.881378568164426,positive,0.008106,,True,,,,,,,,,,,,,,,,,,,,91.0,,,,,,,,
v1,20260707_0349_utc,20260707_0349_utc_0005,2026-07-07T03:49:50.258086+00:00,SKYAIUSDT,64,51250717.12,Full,Yes,large_move_abs|large_move_excess,vol_24h,0.014701250717527,0.1591760299625468,True,-12.458541721505668,-12.42811229691565,positive,0.005,,True,,,,,,,,,,,,,,,,,,,,51.0,,,,,,,,
v1,20260707_0349_utc,20260707_0349_utc_0004,2026-07-07T03:49:50.258086+00:00,LABUSDT,31,200209530.77,Full,Yes,large_move_abs|large_move_excess,vol_24h,0.0253742922775317,0.4208801498127341,True,11.216261246251236,11.246690670841254,negative,-0.026635,,False,AutoSkipped,Neutral,0.0,,,,,,,,,,,,,,,,,31.0,,,,,,,,
v1,20260707_0349_utc,20260707_0349_utc_0001,2026-07-07T03:49:50.258086+00:00,1000BONKUSDT,68,11214217.57,Full,Yes,vol_quantile_high|large_move_excess,vol_24h,0.0213420587395349,0.9662921348314608,True,-8.677685950413228,-8.64725652582321,positive,0.002102,,False,AutoSkipped,Neutral,0.0,,,,,,,,,,,,,,,,,91.0,,,,,,,,
v1,20260707_0804_utc,20260707_0804_utc_0003,2026-07-07T08:04:33.074472+00:00,HUSDT,57,66670997.95,Full,Yes,large_move_abs|large_move_excess,vol_24h,0.0284824605975744,0.7434456928838952,True,-34.755867278122466,-34.72543785353245,negative,-0.221988,,True,,,,,,,,,,,,,,,,,,,,51.0,,,,,,,,
v1,20260707_0804_utc,20260707_0804_utc_0002,2026-07-07T08:04:33.074472+00:00,ESPORTSUSDT,16,111554494.87,Full,Yes,large_move_abs|large_move_excess,vol_24h,0.0284598910391516,0.7120786516853933,True,-18.445404071560755,-18.414974646970737,positive,0.038114,,True,,,,,,,,,,,,,,,,,,,,31.0,,,,,,,,
v1,20260707_0804_utc,20260707_0804_utc_0007,2026-07-07T08:04:33.074472+00:00,UBUSDT,18,95099036.81,Full,Yes,large_move_abs|large_move_excess,vol_24h,0.0476847746984306,0.8595505617977528,True,-18.42306710895637,-18.39263768436636,positive,0.005,,True,,,,,,,,,,,,,,,,,,,,51.0,,,,,,,,
v1,20260707_0804_utc,20260707_0804_utc_0006,2026-07-07T08:04:33.074472+00:00,SPCXUSDT,80,25210294.46,Insufficient,No,large_move_abs|large_move_excess,vol_24h,0.0136477163633471,0.8070404172099087,True,-12.911807992754444,-12.881378568164426,positive,0.008106,,True,,,,,,,,,,,,,,,,,,,,91.0,,,,,,,,
v1,20260707_0804_utc,20260707_0804_utc_0005,2026-07-07T08:04:33.074472+00:00,SKYAIUSDT,64,51250717.12,Full,Yes,large_move_abs|large_move_excess,vol_24h,0.014701250717527,0.1591760299625468,True,-12.458541721505668,-12.42811229691565,positive,0.005,,True,,,,,,,,,,,,,,,,,,,,51.0,,,,,,,,
v1,20260707_0804_utc,20260707_0804_utc_0004,2026-07-07T08:04:33.074472+00:00,LABUSDT,31,200209530.77,Full,Yes,large_move_abs|large_move_excess,vol_24h,0.0253742922775317,0.4208801498127341,True,11.216261246251236,11.246690670841254,negative,-0.026635,,False,AutoSkipped,Neutral,0.0,,,,,,,,,,,,,,,,,31.0,,,,,,,,
v1,20260707_0804_utc,20260707_0804_utc_0001,2026-07-07T08:04:33.074472+00:00,1000BONKUSDT,68,11214217.57,Full,Yes,vol_quantile_high|large_move_excess,vol_24h,0.0213420587395349,0.9662921348314608,True,-8.677685950413228,-8.64725652582321,positive,0.002102,,False,AutoSkipped,Neutral,0.0,,,,,,,,,,,,,,,,,91.0,,,,,,,,
v1,20260707_0912_utc,20260707_0912_utc_0001,2026-07-07T09:12:56.910993+00:00,1000BONKUSDT,68,11214217.57,Full,Yes,vol_quantile_high|large_move_excess,vol_24h,0.0213420587395349,0.9662921348314608,True,-8.677685950413228,-8.64725652582321,positive,2.102e-05,,True,,,,,,,,,,,,,,,,,,,,91.0,,,,,,,,
v1,20260707_1341_utc,20260707_1341_utc_0001,2026-07-07T13:41:16.355313+00:00,1000BONKUSDT,68,11214217.57,Full,Yes,vol_quantile_high|large_move_excess,vol_24h,0.0213420587395349,0.9662921348314608,True,-8.677685950413228,-8.64725652582321,positive,2.102e-05,,True,,,,,,,,,,,,,,,,,,,,91.0,,,,,,,,
v1,20260511_1200_utc_replay,20260511_1200_utc_replay_0014,2026-05-11T12:00:00+00:00,SKYAIUSDT,64,104154307.76,Full,Yes,large_move_abs|large_move_excess,vol_24h,0.0217115617839841,0.6779026217228464,True,-24.01374694763497,-24.49033767751202,positive,0.00053929,,True,Paper Trade,Short,-1.0,,,0.4201,0.37986,0.56409,0.39506,0.31241,81167.1,,,,,0.09869799553996561,-0.34798044529770633,0.03557541548676264,0.2081468597410852,31.0,,0.0958676405399656,-0.3494625752977063,0.037329025486762646,0.21637194974108523,G:\Quant test\AlphaHive_V3\reports\red_team_decisions_pending_top_20260708.md,2026-07-09T00:32:45.799722+00:00,"red_team_decision=Paper Trade; confidence=High; reason=Large excess (-24.5%) on a well-traded token with $104M turnover. Quantile 0.678 is moderate but the magnitude of excess is significant. SKYAI has appeared in multiple runs.; human_check=Verify SKYAIUSDT move wasn't driven by a single large order; check if this is a breakout or breakdown pattern; veto_flags=none; virtual_paper_direction=Short; rule=negative_excess_momentum; basis=-24.49pct excess, 104M turnover; no future-return input"
v1,20260511_1200_utc_replay,20260511_1200_utc_replay_0017,2026-05-11T12:00:00+00:00,VVVUSDT,38,160927665.64,Full,Yes,large_move_abs|large_move_excess,vol_24h,0.0191157762929925,0.6970973782771536,True,17.02310231023101,16.546511580353965,positive,0.0001424699999999,,True,Paper Trade,Long,1.0,,,17.732,16.767,17.05,13.958,14.171,81167.1,,,,,-0.05733266315828534,-0.0332328189434084,-0.18880611104532186,-0.1526265022354094,31.0,,-0.06050389815828529,-0.036760228943408094,-0.19318834104532095,-0.1587183722354073,G:\Quant test\AlphaHive_V3\reports\red_team_decisions_pending_top_20260708.md,2026-07-09T00:32:45.799722+00:00,"red_team_decision=Paper Trade; confidence=High; reason=Strong excess (+16.5%) on $161M turnover. VVV is a mid-cap token with decent liquidity. Quantile 0.697 is acceptable for the move size.; human_check=Confirm move direction aligns with broader market; check VVV sector momentum; veto_flags=none; virtual_paper_direction=Long; rule=positive_excess_momentum; basis=+16.55pct excess, 161M turnover; no future-return input"
v1,20260511_1200_utc_replay,20260511_1200_utc_replay_0016,2026-05-11T12:00:00+00:00,UBUSDT,18,62652471.76,Full,Yes,large_move_abs|large_move_excess,vol_24h,0.0231748138367478,0.697565543071161,True,12.859824780976204,12.38323405109916,positive,5e-05,,True,Watch,,,,,0.14432,0.15454,0.16477,0.22186,0.15675,81167.1,,,,,0.0,0.0,0.0,0.0,51.0,,0.0,0.0,0.0,0.0,G:\Quant test\AlphaHive_V3\reports\red_team_decisions_pending_top_20260708.md,2026-07-08T07:49:09.630312+00:00,red_team_decision=Watch; confidence=Medium; reason=Reasonable move but UBUSDT is lower-liquidity. The near-zero funding (5e-05) is concerning for directional execution.; human_check=Check UBU order book depth at the time of the move; veto_flags=none
v1,20260511_1200_utc_replay,20260511_1200_utc_replay_0009,2026-05-11T12:00:00+00:00,LABUSDT,31,400797434.43,Full,Yes,large_move_abs|large_move_excess,vol_24h,0.02686964669554,0.6970973782771536,True,-10.529201010239452,-11.0057917401165,positive,5e-05,,True,Paper Trade,Short,-1.0,,,4.5706,4.8903,4.545,5.5917,4.889,81167.1,,,,,-0.06703577481159977,0.000372295665872077,-0.2474355578586785,-0.11785949429382571,31.0,,-0.07011077481159977,-0.002577704334127923,-0.2500855578586785,-0.11990949429382572,G:\Quant test\AlphaHive_V3\reports\red_team_decisions_pending_top_20260708.md,2026-07-09T00:32:45.799722+00:00,red_team_decision=Paper Trade; confidence=Medium; reason=LAB appears again with opposite direction (negative excess). $401M turnover confirms move is real. Quantile moderate but magnitude + turnover justify human review.; human_check=LAB is a recurring symbol — check if direction flip across runs is structural; veto_flags=none; virtual_paper_direction=Short; rule=negative_excess_momentum; basis=-11.01pct excess with high turnover; no future-return input
v1,20260511_1200_utc_replay,20260511_1200_utc_replay_0015,2026-05-11T12:00:00+00:00,SUIUSDT,15,1808112907.53,Full,Yes,vol_quantile_high|large_move_abs|large_move_excess,vol_24h,0.0235088983621663,0.9985955056179776,True,10.74257856707581,10.265987837198765,positive,0.0001,,True,Paper Trade,Long,1.0,,,1.2722,1.2892,1.2672,1.2019,1.0546,81167.1,,,,,0.010451400732345191,0.0012985198639876433,-0.031229166637335506,-0.1228454210054791,31.0,,0.007301400732345191,-0.0021014801360123565,-0.0352291666373355,-0.12804542100547908,G:\Quant test\AlphaHive_V3\reports\red_team_decisions_pending_top_20260708.md,2026-07-09T00:32:45.799722+00:00,"red_team_decision=Paper Trade; confidence=High; reason=Triple-trigger at 99.9th quantile on $1.8B turnover. SUI is a major L1 with deep liquidity. The move is well-confirmed across multiple dimensions.; human_check=Verify SUI ecosystem didn't have a major event; this is a strong candidate; veto_flags=none; virtual_paper_direction=Long; rule=positive_excess_momentum; basis=+10.27pct excess, 99.9pct quantile, 1.8B turnover; no future-return input"
v1,20260511_1200_utc_replay,20260511_1200_utc_replay_0008,2026-05-11T12:00:00+00:00,HUSDT,57,16217837.22,Full,Yes,large_move_abs|large_move_excess,vol_24h,0.009968846747606,0.250936329588015,True,10.47053628379373,9.993945553916683,positive,0.0003537099999999,,False,AutoSkipped,Neutral,0.0,,,0.22515,0.24677,0.27318,0.26101,0.25178,81167.1,,,,,0.0,0.0,0.0,0.0,91.0,,0.0,0.0,0.0,0.0,,,
v1,20260511_1200_utc_replay,20260511_1200_utc_replay_0007,2026-05-11T12:00:00+00:00,FFUSDT,78,21569527.41,Full,Yes,vol_quantile_high|large_move_excess,vol_24h,0.0133138364211401,0.9728464419475656,True,8.15022596228767,7.673635232410624,positive,5e-05,,False,AutoSkipped,Neutral,0.0,,,0.06941,0.0717,0.07623,0.0798,0.09041,81167.1,,,,,0.0,0.0,0.0,0.0,91.0,,0.0,0.0,0.0,0.0,,,
v1,20260511_1200_utc_replay,20260511_1200_utc_replay_0013,2026-05-11T12:00:00+00:00,RAVEUSDT,73,52087020.18,Full,Yes,large_move_excess,vol_24h,0.0146452830830506,0.4396067415730337,True,-7.011463609704071,-7.488054339581118,positive,5e-05,,False,AutoSkipped,Neutral,0.0,,,0.6975,0.6947,0.6835,0.6599,0.5759,81167.1,,,,,0.0,0.0,0.0,0.0,51.0,,0.0,0.0,0.0,0.0,,,
v1,20260511_1200_utc_replay,20260511_1200_utc_replay_0018,2026-05-11T12:00:00+00:00,WLDUSDT,11,170422154.89,Full,Yes,vol_quantile_high,vol_24h,0.0168515663857649,0.9864232209737828,False,3.9896564462504447,3.513065716373398,negative,-0.0001581199999999,,False,AutoSkipped,Neutral,0.0,,,0.2816,0.2811,0.2701,0.2571,0.2363,81167.1,,,,,0.0,0.0,0.0,0.0,31.0,,0.0,0.0,0.0,0.0,,,
v1,20260511_1200_utc_replay,20260511_1200_utc_replay_0011,2026-05-11T12:00:00+00:00,MUUSDT,40,94424803.64,Partial,No,vol_quantile_high,vol_24h,0.0135846960627372,0.9367888748419722,False,3.8564056775955535,3.379814947718507,positive,0.0008742,,False,AutoSkipped,Neutral,0.0,,,790.96,795.74,774.7,792.67,753.45,81167.1,,,,,0.0,0.0,0.0,0.0,51.0,,0.0,0.0,0.0,0.0,,,
v1,20260511_1200_utc_replay,20260511_1200_utc_replay_0001,2026-05-11T12:00:00+00:00,1000BONKUSDT,68,100601949.39,Full,Yes,vol_quantile_high,vol_24h,0.0174185537639459,0.99438202247191,False,3.407529541082721,2.9309388112056745,positive,5e-05,,False,AutoSkipped,Neutral,0.0,,,0.007527,0.007544,0.007188,0.006829,0.005976,81167.1,,,,,0.0,0.0,0.0,0.0,31.0,,0.0,0.0,0.0,0.0,,,
v1,20260511_1200_utc_replay,20260511_1200_utc_replay_0019,2026-05-11T12:00:00+00:00,XLMUSDT,48,79232079.38,Full,Yes,vol_quantile_high,vol_24h,0.0095670106164426,0.9461610486891384,False,3.0678610872499457,2.591270357372899,positive,3.408e-05,,False,AutoSkipped,Neutral,0.0,,,0.16799,0.17016,0.16402,0.16054,0.1488,81167.1,,,,,0.0,0.0,0.0,0.0,51.0,,0.0,0.0,0.0,0.0,,,
v1,20260511_1200_utc_replay,20260511_1200_utc_replay_0003,2026-05-11T12:00:00+00:00,ADAUSDT,19,274691460.32,Full,Yes,vol_quantile_high,vol_24h,0.01006043464652,0.926498127340824,False,2.458715596330263,1.9821248664532165,negative,-4.7e-06,,False,AutoSkipped,Neutral,0.0,,,0.2791,0.2813,0.2739,0.2663,0.2513,81167.1,,,,,0.0,0.0,0.0,0.0,31.0,,0.0,0.0,0.0,0.0,,,
v1,20260511_1200_utc_replay,20260511_1200_utc_replay_0004,2026-05-11T12:00:00+00:00,CRCLUSDT,75,164958717.07,Full,Yes,vol_quantile_high,vol_24h,0.0189599606498264,0.9456928838951312,False,2.046959662853709,1.5703689329766624,positive,0.0010222,,False,AutoSkipped,Neutral,0.0,,,118.63,126.67,134.13,125.54,114.61,81167.1,,,,,0.0,0.0,0.0,0.0,31.0,,0.0,0.0,0.0,0.0,,,
v1,20260511_1200_utc_replay,20260511_1200_utc_replay_0005,2026-05-11T12:00:00+00:00,DOGEUSDT,10,1037530613.87,Full,Yes,vol_quantile_high,vol_24h,0.0106831357902446,0.922752808988764,False,1.9696689476604408,1.4930782177833946,positive,0.0001,,False,AutoSkipped,Neutral,0.0,,,0.11027,0.11115,0.10914,0.11525,0.10629,81167.1,,,,,0.0,0.0,0.0,0.0,31.0,,0.0,0.0,0.0,0.0,,,
v1,20260511_1200_utc_replay,20260511_1200_utc_replay_0006,2026-05-11T12:00:00+00:00,ENAUSDT,34,131000217.55,Full,Yes,vol_quantile_high,vol_24h,0.016976170630611,0.9794007490636704,False,1.6687461010605142,1.1921553711834676,positive,5e-05,,False,AutoSkipped,Neutral,0.0,,,0.13038,0.12993,0.12308,0.11734,0.10485,81167.1,,,,,0.0,0.0,0.0,0.0,31.0,,0.0,0.0,0.0,0.0,,,
v1,20260511_1200_utc_replay,20260511_1200_utc_replay_0002,2026-05-11T12:00:00+00:00,1000PEPEUSDT,33,474080782.52,Full,Yes,vol_quantile_high,vol_24h,0.0122602915902125,0.9185393258426966,False,1.6586786956113375,1.1820879657342909,negative,-9.812e-05,,False,AutoSkipped,Neutral,0.0,,,0.0043271,0.0043417,0.0041988,0.0040449,0.0036712,81167.1,,,,,0.0,0.0,0.0,0.0,31.0,,0.0,0.0,0.0,0.0,,,
v1,20260511_1200_utc_replay,20260511_1200_utc_replay_0012,2026-05-11T12:00:00+00:00,ONDOUSDT,17,234125738.07,Full,Yes,vol_quantile_high,vol_24h,0.0169214094348177,0.9747191011235956,False,1.5926640926640978,1.1160733627870512,negative,-7.163e-05,,False,AutoSkipped,Neutral,0.0,,,0.421,0.426,0.409,0.3884,0.3477,81167.1,,,,,0.0,0.0,0.0,0.0,31.0,,0.0,0.0,0.0,0.0,,,
v1,20260511_1200_utc_replay,20260511_1200_utc_replay_0010,2026-05-11T12:00:00+00:00,LTCUSDT,25,121849937.24,Full,Yes,vol_quantile_high,vol_24h,0.0083662378025824,0.9630149812734082,False,0.5654557916381142,0.0888650617610675,positive,0.0001,,False,AutoSkipped,Neutral,0.0,,,58.7,58.86,57.76,57.26,54.0,81167.1,,,,,0.0,0.0,0.0,0.0,31.0,,0.0,0.0,0.0,0.0,,,
v1,20260408_0000_utc_replay,20260408_0000_utc_replay_0008,2026-04-08T00:00:00+00:00,LABUSDT,31,58913000.52,Full,Yes,vol_quantile_high|large_move_abs|large_move_excess,vol_24h,0.0274829297521692,0.944756554307116,True,31.44821542920697,26.98382462390776,positive,0.00064626,,True,Paper Trade,Long,1.0,,,0.38993,0.37168,0.37822,0.51728,0.47148,71890.2,,,,,-0.0380329532010266,-0.0181796244821356,0.3123086249645284,0.1783055794225655,51.0,,-0.0434560832010266,-0.0252184044821356,0.3013922849645284,0.1596341194225655,G:\Quant test\AlphaHive_V3\reports\red_team_decisions_pending_top_20260708.md,2026-07-09T00:32:45.799722+00:00,"red_team_decision=Paper Trade; confidence=High; reason=Triple-trigger at 94.5th quantile, +27% excess, strong volume. LAB is mid-cap with consistent liquidity.; human_check=Verify 24h/72h return persistence; check if move was news-driven; veto_flags=none; virtual_paper_direction=Long; rule=positive_excess_momentum; basis=+26.98pct excess, triple-trigger, high liquidity; no future-return input"
v1,20260408_0000_utc_replay,20260408_0000_utc_replay_0004,2026-04-08T00:00:00+00:00,BZUSDT,27,501020194.28,Partial,No,vol_quantile_high|large_move_abs|large_move_excess,vol_24h,0.0197804669852516,1.0,True,-13.18272545817456,-17.64711626347377,negative,-0.005,,True,Watch,,,,,95.69,94.79,96.75,92.46,90.03,71890.2,,,,,0.0,0.0,0.0,0.0,31.0,,0.0,0.0,0.0,0.0,G:\Quant test\AlphaHive_V3\reports\red_team_decisions_pending_top_20260708.md,2026-07-08T07:49:09.630312+00:00,"red_team_decision=Watch; confidence=Medium; reason=Extreme quantile (1.0) and deep negative excess (-17.6%), but BZ is a low-liquidity symbol with negative funding. Need to confirm this isn't a single-exchange wash.; human_check=Cross-exchange volume validation; check if BZUSDT has thin order book; veto_flags=none"
v1,20260408_0000_utc_replay,20260408_0000_utc_replay_0006,2026-04-08T00:00:00+00:00,FARTCOINUSDT,51,76519616.95,Full,Yes,large_move_abs|large_move_excess,vol_24h,0.0164485319082746,0.8141385767790262,True,18.345323741007192,13.88093293570798,positive,0.00016945,,True,Watch,,,,,0.1975,0.2001,0.1864,0.1839,0.1928,71890.2,,,,,0.0,0.0,0.0,0.0,51.0,,0.0,0.0,0.0,0.0,G:\Quant test\AlphaHive_V3\reports\red_team_decisions_pending_top_20260708.md,2026-07-08T07:49:09.630312+00:00,red_team_decision=Watch; confidence=Medium; reason=Reasonable excess (+13.9%) but quantile only 81.4th. FARTCOIN is a meme-adjacent token; move could be sentiment-driven rather than fundamental.; human_check=Confirm no social media pump event at scan time; veto_flags=none
v1,20260408_0000_utc_replay,20260408_0000_utc_replay_0011,2026-04-08T00:00:00+00:00,RIVERUSDT,70,177568888.91,Full,Yes,large_move_excess,vol_24h,0.0199829957751703,0.1797752808988764,True,-9.097342349426008,-13.56173315472522,positive,5e-05,,True,Watch,,,,,11.561,11.785,11.184,8.662,9.056,71890.2,,,,,0.0,0.0,0.0,0.0,31.0,,0.0,0.0,0.0,0.0,G:\Quant test\AlphaHive_V3\reports\red_team_decisions_pending_top_20260708.md,2026-07-08T07:49:09.630312+00:00,red_team_decision=Watch; confidence=Low; reason=Only excess trigger (no vol_quantile or large_move_abs). Quantile is very low (0.18) — move is statistically unremarkable. Funding nearly zero.; human_check=Low priority; needs stronger trigger confirmation; veto_flags=none
v1,20260408_0000_utc_replay,20260408_0000_utc_replay_0009,2026-04-08T00:00:00+00:00,MONUSDT,74,48577083.92,Full,Yes,vol_quantile_high|large_move_abs|large_move_excess,vol_24h,0.0179943184288262,0.9410112359550562,True,12.305986696230596,7.841595890931385,positive,5e-05,,True,Watch,,,,,0.03039,0.0298,0.02985,0.03454,0.03478,71890.2,,,,,0.0,0.0,0.0,0.0,51.0,,0.0,0.0,0.0,0.0,G:\Quant test\AlphaHive_V3\reports\red_team_decisions_pending_top_20260708.md,2026-07-08T07:49:09.630312+00:00,red_team_decision=Watch; confidence=Medium; reason=Triple-trigger but modest excess (+7.8%). MON is a smaller-cap name. The move is real but magnitude is average for the trigger set.; human_check=Verify if MON has history of false breakouts; veto_flags=none
v1,20260408_0000_utc_replay,20260408_0000_utc_replay_0001,2026-04-08T00:00:00+00:00,1000PEPEUSDT,33,395382393.88,Full,Yes,large_move_abs|large_move_excess,vol_24h,0.0121035206040388,0.8618913857677902,True,12.113999939746334,7.649609134447122,positive,0.0001,,False,AutoSkipped,Neutral,0.0,,,0.0037212,0.0036893,0.0035276,0.0035953,0.0035987,71890.2,,,,,0.0,0.0,0.0,0.0,31.0,,0.0,0.0,0.0,0.0,,,
v1,20260408_0000_utc_replay,20260408_0000_utc_replay_0005,2026-04-08T00:00:00+00:00,ENAUSDT,34,117855347.27,Full,Yes,large_move_abs,vol_24h,0.0124192906282821,0.8684456928838952,True,11.274509803921571,6.810118998622361,positive,5e-05,,False,AutoSkipped,Neutral,0.0,,,0.0908,0.0909,0.0874,0.0936,0.09689,71890.2,,,,,0.0,0.0,0.0,0.0,31.0,,0.0,0.0,0.0,0.0,,,
v1,20260408_0000_utc_replay,20260408_0000_utc_replay_0014,2026-04-08T00:00:00+00:00,WLDUSDT,11,87494597.26,Full,Yes,large_move_abs,vol_24h,0.0124792138930747,0.8740636704119851,True,11.239193083573484,6.774802278274272,positive,0.0001,,False,AutoSkipped,Neutral,0.0,,,0.2702,0.2629,0.2553,0.2787,0.2925,71890.2,,,,,0.0,0.0,0.0,0.0,51.0,,0.0,0.0,0.0,0.0,,,
v1,20260408_0000_utc_replay,20260408_0000_utc_replay_0012,2026-04-08T00:00:00+00:00,SUIUSDT,15,200610676.9,Full,Yes,large_move_abs,vol_24h,0.0115451590711959,0.8623595505617978,True,10.263188139294344,5.798797333995131,positive,0.0001,,False,AutoSkipped,Neutral,0.0,,,0.9594,0.9602,0.9078,0.9388,0.9372,71890.2,,,,,0.0,0.0,0.0,0.0,31.0,,0.0,0.0,0.0,0.0,,,
v1,20260408_0000_utc_replay,20260408_0000_utc_replay_0007,2026-04-08T00:00:00+00:00,INTCUSDT,72,54611556.1,Full,Yes,vol_quantile_high,vol_24h,0.0127206294191271,0.9605781865965834,False,8.437067773167373,3.9726769678681606,positive,0.00016728,,False,AutoSkipped,Neutral,0.0,,,54.89,55.46,58.07,62.12,63.59,71890.2,,,,,0.0,0.0,0.0,0.0,51.0,,0.0,0.0,0.0,0.0,,,
v1,20260408_0000_utc_replay,20260408_0000_utc_replay_0003,2026-04-08T00:00:00+00:00,AVAXUSDT,22,292735840.99,Full,Yes,vol_quantile_high,vol_24h,0.0120750698102686,0.9335205992509364,False,6.027890238416567,1.5634994331173546,positive,0.0001,,False,AutoSkipped,Neutral,0.0,,,9.429,9.459,8.961,9.352,9.329,71890.2,,,,,0.0,0.0,0.0,0.0,31.0,,0.0,0.0,0.0,0.0,,,
v1,20260408_0000_utc_replay,20260408_0000_utc_replay_0002,2026-04-08T00:00:00+00:00,AAVEUSDT,35,125246323.38,Full,Yes,vol_quantile_high,vol_24h,0.0154298270951648,0.9662921348314608,False,3.067484662576692,-1.3969061427225204,positive,7.292e-05,,False,AutoSkipped,Neutral,0.0,,,95.75,95.19,90.84,93.09,100.45,71890.2,,,,,0.0,0.0,0.0,0.0,31.0,,0.0,0.0,0.0,0.0,,,
v1,20260408_0000_utc_replay,20260408_0000_utc_replay_0013,2026-04-08T00:00:00+00:00,TSLAUSDT,79,153557423.68,Full,Yes,vol_quantile_high,vol_24h,0.0087458531840666,0.9719853836784408,False,3.173787710135012,-1.2906030951642,positive,0.00041672,,False,AutoSkipped,Neutral,0.0,,,361.46,362.98,342.17,349.92,368.12,71890.2,,,,,0.0,0.0,0.0,0.0,31.0,,0.0,0.0,0.0,0.0,,,
v1,20260408_0000_utc_replay,20260408_0000_utc_replay_0010,2026-04-08T00:00:00+00:00,NVDAUSDT,58,13221684.8,Partial,No,vol_quantile_high,vol_24h,0.0061603544125563,0.948905109489051,False,3.7097777526437614,-0.7546130526554506,positive,0.00047888,,False,AutoSkipped,Neutral,0.0,,,183.38,183.55,180.56,187.49,195.9,71890.2,,,,,0.0,0.0,0.0,0.0,91.0,,0.0,0.0,0.0,0.0,,,
v1,20260414_0000_utc_replay,20260414_0000_utc_replay_0008,2026-04-14T00:00:00+00:00,RAVEUSDT,73,4265006980.83,Full,Yes,vol_quantile_high|large_move_abs|large_move_excess,vol_24h,0.1366358338673711,1.0,True,34.56751044252173,29.37186223453176,negative,-0.0019579,,True,Watch,,,,,8.03554,10.89161,17.71496,16.75311,1.08833,74384.9,,,,,0.0,0.0,0.0,0.0,31.0,,0.0,0.0,0.0,0.0,G:\Quant test\AlphaHive_V3\reports\red_team_decisions_pending_top_20260708.md,2026-07-08T07:49:09.630312+00:00,"red_team_decision=Watch; confidence=Low; reason=Data anomaly: $4.3B turnover is ~100x the typical range ($16-42M). Likely caused by contract event, data feed corruption, or exchange maintenance. The excess (+29.4%) and quantile (1.0) may be artifacts of the bad data. Cannot paper trade on unreliable inputs.; human_check=Investigate Binance data feed status at 2026-04-14; verify if RAVE had a contract migration; veto_flags=extreme_move"
v1,20260414_0000_utc_replay,20260414_0000_utc_replay_0010,2026-04-14T00:00:00+00:00,SKYAIUSDT,64,27563771.09,Full,Yes,vol_quantile_high|large_move_abs|large_move_excess,vol_24h,0.0254862568032621,0.9124531835205992,True,-10.321954376314512,-15.51760258430448,positive,0.00027891,,True,Watch,,,,,0.11091,0.10912,0.12056,0.16168,0.16045,74384.9,,,,,0.0,0.0,0.0,0.0,91.0,,0.0,0.0,0.0,0.0,G:\Quant test\AlphaHive_V3\reports\red_team_decisions_pending_top_20260708.md,2026-07-08T07:49:09.630312+00:00,"red_team_decision=Watch; confidence=Medium; reason=Triple-trigger with reasonable excess (-15.5%), but SKYAI is a smaller AI-themed token. Funding is positive which adds cost to a short.; human_check=Verify AI narrative wasn't fading; check OI change if available; veto_flags=none"
v1,20260414_0000_utc_replay,20260414_0000_utc_replay_0002,2026-04-14T00:00:00+00:00,BZUSDT,27,346200395.42,Partial,No,large_move_excess,vol_24h,0.0087280393794141,0.7060931899641577,True,-5.295315682281066,-10.490963890271033,negative,-0.00045081,,True,No Trade,,,,,92.99,93.19,90.03,92.87,89.74,74384.9,,,,,0.0,0.0,0.0,0.0,31.0,,0.0,0.0,0.0,0.0,G:\Quant test\AlphaHive_V3\reports\red_team_decisions_pending_top_20260708.md,2026-07-08T07:49:09.630312+00:00,red_team_decision=No Trade; confidence=Medium; reason=BZ appears again with thin excess trigger (0.706 quantile). Already flagged in 20260408 run — this is the same symbol showing repeated weakness. The -10.5% excess is borderline.; human_check=BZ pattern is concerning but not actionable alone — needs cross-run confirmation; veto_flags=none
v1,20260414_0000_utc_replay,20260414_0000_utc_replay_0011,2026-04-14T00:00:00+00:00,SNDKUSDT,46,16985096.59,Partial,No,large_move_abs|large_move_excess,vol_24h,0.0109864025108216,0.8778625954198473,True,15.675916795792832,10.480268587802868,positive,9e-08,,True,No Trade,,,,,985.43,984.2,942.83,915.3,922.37,74384.9,,,,,0.0,0.0,0.0,0.0,91.0,,0.0,0.0,0.0,0.0,G:\Quant test\AlphaHive_V3\reports\red_team_decisions_pending_top_20260708.md,2026-07-08T07:49:09.630312+00:00,red_team_decision=No Trade; confidence=Low; reason=SNDKUSDT has extremely low funding (9e-08) — essentially zero. Turnover $17M is on the lower end. The move is real but the near-zero funding suggests this pair may have thin derivative interest.; human_check=Check if SNDK has adequate OI for directional trades; veto_flags=none
v1,20260414_0000_utc_replay,20260414_0000_utc_replay_0009,2026-04-14T00:00:00+00:00,RIVERUSDT,70,125989984.04,Full,Yes,large_move_excess,vol_24h,0.0293041238542671,0.5060861423220974,True,-4.679113185530914,-9.87476139352088,positive,5e-05,,True,Watch,,,,,8.17,8.225,9.056,7.931,5.536,74384.9,,,,,0.0,0.0,0.0,0.0,31.0,,0.0,0.0,0.0,0.0,G:\Quant test\AlphaHive_V3\reports\red_team_decisions_pending_top_20260708.md,2026-07-08T07:49:09.630312+00:00,red_team_decision=Watch; confidence=Low; reason=RIVER appears in both 20260408 and 20260414 runs. Quantile is 0.506 — median-level. The excess is -9.9% which is real but not extreme. Cross-run presence is notable.; human_check=Track RIVER across runs for pattern; low priority single-trade candidate; veto_flags=none
v1,20260414_0000_utc_replay,20260414_0000_utc_replay_0001,2026-04-14T00:00:00+00:00,AAVEUSDT,35,130411041.48,Full,Yes,vol_quantile_high|large_move_abs|large_move_excess,vol_24h,0.01323043124179,0.9339887640449438,True,14.973262032085554,9.777613824095589,positive,0.0001,,False,AutoSkipped,Neutral,0.0,,,103.21,100.2,100.45,115.21,91.79,74384.9,,,,,0.0,0.0,0.0,0.0,31.0,,0.0,0.0,0.0,0.0,,,
v1,20260414_0000_utc_replay,20260414_0000_utc_replay_0003,2026-04-14T00:00:00+00:00,CRCLUSDT,75,103810409.54,Full,Yes,vol_quantile_high|large_move_abs|large_move_excess,vol_24h,0.0200577370814445,0.9506008010680908,True,14.382305752922298,9.18665754493233,,0.0,,False,AutoSkipped,Neutral,0.0,,,99.79,101.39,107.64,106.31,105.16,74384.9,,,,,0.0,0.0,0.0,0.0,31.0,,0.0,0.0,0.0,0.0,,,
v1,20260414_0000_utc_replay,20260414_0000_utc_replay_0014,2026-04-14T00:00:00+00:00,XPLUSDT,52,42391778.35,Full,Yes,large_move_abs|large_move_excess,vol_24h,0.014115105100164,0.6718164794007491,True,12.570507655116824,7.374859447126857,positive,5e-05,,False,AutoSkipped,Neutral,0.0,,,0.1398,0.143,0.1352,0.1421,0.1051,74384.9,,,,,0.0,0.0,0.0,0.0,51.0,,0.0,0.0,0.0,0.0,,,
v1,20260414_0000_utc_replay,20260414_0000_utc_replay_0012,2026-04-14T00:00:00+00:00,VVVUSDT,38,44773545.59,Full,Yes,large_move_abs|large_move_excess,vol_24h,0.0221006429597676,0.8071161048689138,True,12.20178926441351,7.006141056423543,positive,5e-05,,False,AutoSkipped,Neutral,0.0,,,9.029,9.039,8.948,8.628,9.505,74384.9,,,,,0.0,0.0,0.0,0.0,51.0,,0.0,0.0,0.0,0.0,,,
v1,20260414_0000_utc_replay,20260414_0000_utc_replay_0004,2026-04-14T00:00:00+00:00,ENAUSDT,34,198824610.82,Full,Yes,large_move_abs,vol_24h,0.0130086181855507,0.8796816479400749,True,10.713501646542255,5.517853438552288,positive,1.249e-05,,False,AutoSkipped,Neutral,0.0,,,0.10087,0.09774,0.09689,0.11351,0.1122,74384.9,,,,,0.0,0.0,0.0,0.0,31.0,,0.0,0.0,0.0,0.0,,,
v1,20260414_0000_utc_replay,20260414_0000_utc_replay_0007,2026-04-14T00:00:00+00:00,MONUSDT,74,48176973.35,Full,Yes,large_move_abs,vol_24h,0.016255293673934,0.8717228464419475,True,10.027514521553035,4.83186631356307,positive,5e-05,,False,AutoSkipped,Neutral,0.0,,,0.036,0.03533,0.03478,0.0345,0.03211,74384.9,,,,,0.0,0.0,0.0,0.0,51.0,,0.0,0.0,0.0,0.0,,,
v1,20260414_0000_utc_replay,20260414_0000_utc_replay_0005,2026-04-14T00:00:00+00:00,FFUSDT,78,48642865.32,Full,Yes,vol_quantile_high,vol_24h,0.0218142599575978,0.9747191011235956,False,1.3319802105797418,-3.863667997410225,positive,5e-05,,False,AutoSkipped,Neutral,0.0,,,0.07988,0.07874,0.07845,0.07479,0.07447,74384.9,,,,,0.0,0.0,0.0,0.0,51.0,,0.0,0.0,0.0,0.0,,,
v1,20260414_0000_utc_replay,20260414_0000_utc_replay_0013,2026-04-14T00:00:00+00:00,WLDUSDT,11,121348187.37,Full,Yes,vol_quantile_high,vol_24h,0.0153945009807391,0.9461610486891384,False,7.753547940463834,2.557899732473868,positive,5.279e-05,,False,AutoSkipped,Neutral,0.0,,,0.3114,0.3147,0.2925,0.3232,0.2654,74384.9,,,,,0.0,0.0,0.0,0.0,31.0,,0.0,0.0,0.0,0.0,,,
v1,20260414_0000_utc_replay,20260414_0000_utc_replay_0006,2026-04-14T00:00:00+00:00,LABUSDT,31,49236524.72,Full,Yes,vol_quantile_high,vol_24h,0.0329455900419895,0.924625468164794,False,7.439490914441249,2.2438427064512823,positive,5e-05,,False,AutoSkipped,Neutral,0.0,,,0.58417,0.65777,0.47148,0.48719,0.57303,74384.9,,,,,0.0,0.0,0.0,0.0,51.0,,0.0,0.0,0.0,0.0,,,
v1,20260528_1200_utc_replay,20260528_1200_utc_replay_0001,2026-05-28T12:00:00+00:00,1000BONKUSDT,68,22295774.63,Full,Yes,vol_quantile_high|large_move_abs|large_move_excess,vol_24h,0.2035446120746063,0.99625468164794,True,-99.90899847483476,-96.92660788835168,negative,-0.00012458,,True,No Trade,,,,,5.37e-06,5.43e-06,5.38e-06,5.51e-06,0.004851,73479.0,,,,,0.0,0.0,0.0,0.0,91.0,,0.0,0.0,0.0,0.0,G:\Quant test\AlphaHive_V3\reports\red_team_decisions_pending_top_20260708.md,2026-07-08T07:49:09.630312+00:00,red_team_decision=No Trade; confidence=High; reason=Extreme outlier: -99.9% abs_move_pct_24h. This is almost certainly a data anomaly (price going to near-zero or a flash crash). BONK is a meme token with extreme volatility but -99.9% in 24h is unrealistic for a live market.; human_check=Investigate if this was a real flash crash or a data feed error; likely data corruption; veto_flags=extreme_move
v1,20260528_1200_utc_replay,20260528_1200_utc_replay_0002,2026-05-28T12:00:00+00:00,1000PEPEUSDT,33,158530740.19,Full,Yes,vol_quantile_high|large_move_abs|large_move_excess,vol_24h,0.2037370462060014,0.9971910112359552,True,-99.90566841880948,-96.92327783232638,negative,-0.00012752,,True,No Trade,,,,,3.32e-06,3.38e-06,3.35e-06,3.44e-06,0.003011,73479.0,,,,,0.0,0.0,0.0,0.0,31.0,,0.0,0.0,0.0,0.0,G:\Quant test\AlphaHive_V3\reports\red_team_decisions_pending_top_20260708.md,2026-07-08T07:49:09.630312+00:00,"red_team_decision=No Trade; confidence=High; reason=Same pattern as 1000BONK: -99.9% move. Two adjacent meme tokens showing near-identical -99.9% moves strongly suggests a systemic data feed issue (e.g., exchange maintenance, price feed corruption) rather than genuine market moves.; human_check=Investigate exchange status at 2026-05-28 12:00 UTC; likely NOT actionable; veto_flags=extreme_move"
v1,20260528_1200_utc_replay,20260528_1200_utc_replay_0013,2026-05-28T12:00:00+00:00,XLMUSDT,48,313615135.26,Full,Yes,vol_quantile_high|large_move_abs|large_move_excess,vol_24h,0.0226849493621834,1.0,True,21.092688230497416,24.07507881698052,negative,-0.00030254,,True,Paper Trade,Long,1.0,,,0.1782,0.2024,0.2044,0.2581,0.21267,73479.0,,,,,0.1436958808588798,0.1474545076050268,0.4424579999791964,0.3425694704774442,31.0,,0.1407471508588798,0.1452621276050268,0.4420808599791964,0.3458228104774442,G:\Quant test\AlphaHive_V3\reports\red_team_decisions_pending_top_20260708.md,2026-07-09T00:32:45.799722+00:00,"red_team_decision=Paper Trade; confidence=High; reason=Extreme quantile (1.0) with +24% excess on $314M turnover. XLM is a well-established altcoin. The move is large but well-confirmed.; human_check=Verify XLM didn't have a protocol event; negative funding adds cost to a long; veto_flags=none; virtual_paper_direction=Long; rule=positive_excess_momentum; basis=+24.08pct excess, 1.0 quantile, 314M turnover; funding headwind noted; no future-return input"
v1,20260528_1200_utc_replay,20260528_1200_utc_replay_0012,2026-05-28T12:00:00+00:00,WLDUSDT,11,229831757.01,Full,Yes,vol_quantile_high|large_move_abs|large_move_excess,vol_24h,0.0176327037026537,0.9831460674157304,True,-18.79324660946581,-15.81085602298271,negative,-0.00020147,,True,Watch,,,,,0.2934,0.282,0.2928,0.3331,0.4946,73479.0,,,,,0.0,0.0,0.0,0.0,31.0,,0.0,0.0,0.0,0.0,G:\Quant test\AlphaHive_V3\reports\red_team_decisions_pending_top_20260708.md,2026-07-08T07:49:09.630312+00:00,red_team_decision=Watch; confidence=Medium; reason=Strong move but WLD (Worldcoin) is associated with high volatility and regulatory uncertainty. Negative funding is a headwind.; human_check=Check WLD-specific news; Worldcoin has had erratic price action historically; veto_flags=none
v1,20260528_1200_utc_replay,20260528_1200_utc_replay_0008,2026-05-28T12:00:00+00:00,RAVEUSDT,73,16651186.74,Full,Yes,large_move_abs|large_move_excess,vol_24h,0.0257467657903694,0.7598314606741573,True,-13.828967642526957,-10.846577056043849,positive,5e-05,,True,Watch,,,,,0.4474,0.4517,0.4304,0.4656,0.3949,73479.0,,,,,0.0,0.0,0.0,0.0,91.0,,0.0,0.0,0.0,0.0,G:\Quant test\AlphaHive_V3\reports\red_team_decisions_pending_top_20260708.md,2026-07-08T07:49:09.630312+00:00,red_team_decision=Watch; confidence=Medium; reason=RAVE appears again (also in 20260414). Turnover $16.7M is lower than the 20260414 appearance ($4.3B). Quantile 0.76 is moderate.; human_check=RAVE cross-run signal is interesting but this specific instance is weaker; veto_flags=none
v1,20260528_1200_utc_replay,20260528_1200_utc_replay_0009,2026-05-28T12:00:00+00:00,SKYAIUSDT,64,56975237.62,Full,Yes,large_move_abs|large_move_excess,vol_24h,0.0409956452280273,0.8066479400749064,True,-12.964384056335486,-9.981993469852378,positive,0.0003583,,False,AutoSkipped,Neutral,0.0,,,0.19288,0.20796,0.19898,0.16868,0.18191,73479.0,,,,,0.0,0.0,0.0,0.0,51.0,,0.0,0.0,0.0,0.0,,,
v1,20260528_1200_utc_replay,20260528_1200_utc_replay_0005,2026-05-28T12:00:00+00:00,FFUSDT,78,185553499.75,Full,Yes,vol_quantile_high|large_move_excess,vol_24h,0.0318170738985084,0.981741573033708,True,6.453640649554759,9.436031236037866,positive,5e-05,,False,AutoSkipped,Neutral,0.0,,,0.10159,0.0997,0.1077,0.10128,0.09507,73479.0,,,,,0.0,0.0,0.0,0.0,31.0,,0.0,0.0,0.0,0.0,,,
v1,20260528_1200_utc_replay,20260528_1200_utc_replay_0011,2026-05-28T12:00:00+00:00,UBUSDT,18,74647961.88,Full,Yes,large_move_abs|large_move_excess,vol_24h,0.0169224883838773,0.3108614232209737,True,-12.100145615106396,-9.117755028623288,positive,7.128e-05,,False,AutoSkipped,Neutral,0.0,,,0.18716,0.17527,0.20398,0.15639,0.10043,73479.0,,,,,0.0,0.0,0.0,0.0,51.0,,0.0,0.0,0.0,0.0,,,
v1,20260528_1200_utc_replay,20260528_1200_utc_replay_0007,2026-05-28T12:00:00+00:00,LABUSDT,31,167223909.48,Full,Yes,large_move_excess,vol_24h,0.0170816218559413,0.4040262172284644,True,6.129444024205744,9.111834610688852,negative,-5.315e-05,,False,AutoSkipped,Neutral,0.0,,,4.4903,4.5655,5.9354,7.0435,16.664,73479.0,,,,,0.0,0.0,0.0,0.0,31.0,,0.0,0.0,0.0,0.0,,,
v1,20260528_1200_utc_replay,20260528_1200_utc_replay_0003,2026-05-28T12:00:00+00:00,BCHUSDT,29,79336647.18,Full,Yes,vol_quantile_high|large_move_abs|large_move_excess,vol_24h,0.0133257444282447,0.9873595505617978,True,-12.0163527522266,-9.033962165743493,negative,-0.0001874,,False,AutoSkipped,Neutral,0.0,,,301.3,300.3,299.4,304.4,249.68,73479.0,,,,,0.0,0.0,0.0,0.0,51.0,,0.0,0.0,0.0,0.0,,,
v1,20260528_1200_utc_replay,20260528_1200_utc_replay_0004,2026-05-28T12:00:00+00:00,ESPORTSUSDT,16,103440778.4,Full,Yes,vol_quantile_high,vol_24h,0.0426832339115511,0.9634831460674156,False,1.2106537530266248,4.193044339509733,positive,0.00340364,,False,AutoSkipped,Neutral,0.0,,,0.0418,0.0616,0.0393,0.0388,0.04001,73479.0,,,,,0.0,0.0,0.0,0.0,31.0,,0.0,0.0,0.0,0.0,,,
v1,20260528_1200_utc_replay,20260528_1200_utc_replay_0010,2026-05-28T12:00:00+00:00,TRXUSDT,24,104165732.75,Full,Yes,vol_quantile_high,vol_24h,0.0042275262353406,0.9639513108614232,False,-6.360329517492236,-3.377938931009128,negative,-0.00016235,,False,AutoSkipped,Neutral,0.0,,,0.35,0.3518,0.3438,0.3489,0.32984,73479.0,,,,,0.0,0.0,0.0,0.0,31.0,,0.0,0.0,0.0,0.0,,,
v1,20260528_1200_utc_replay,20260528_1200_utc_replay_0014,2026-05-28T12:00:00+00:00,XPLUSDT,52,36525771.74,Full,Yes,vol_quantile_high,vol_24h,0.0184397216869773,0.9438202247191012,False,-1.4891179839633506,1.4932726025197574,positive,5e-05,,False,AutoSkipped,Neutral,0.0,,,0.086,0.0866,0.0918,0.0922,0.0844,73479.0,,,,,0.0,0.0,0.0,0.0,51.0,,0.0,0.0,0.0,0.0,,,
v1,20260528_1200_utc_replay,20260528_1200_utc_replay_0006,2026-05-28T12:00:00+00:00,HUSDT,57,97217608.8,Full,Yes,vol_quantile_high,vol_24h,0.0577086613329805,0.9995318352059924,False,-1.5709190255748573,1.4114715609082509,positive,0.00024101,,False,AutoSkipped,Neutral,0.0,,,0.25945,0.26675,0.27137,0.38898,0.59064,73479.0,,,,,0.0,0.0,0.0,0.0,51.0,,0.0,0.0,0.0,0.0,,,
