date,eth_netflow
2021-12-01,-358.138659994643
2021-12-02,65.38467143873
2021-12-03,17.374508472926003
2021-12-04,-25.099514222725006
2021-12-05,-39.64488567181699
2021-12-06,-17.617781333351
2021-12-07,48.99376731796199
2021-12-08,26.69990493092
2021-12-09,-1.7723833760469994
2021-12-10,-13.718490633527997
2021-12-11,-13.325319319972001
2021-12-12,1.5129542231719986
2021-12-13,11.268091652545
2021-12-14,30.138856675354
2021-12-15,-2.4523662418480026
2021-12-16,-608.4581367497057
2021-12-17,34.744077800874
2021-12-18,-10.278389632836998
2021-12-19,-3.360103927815
2021-12-20,-21.970034051892
2021-12-21,-5.133339927672003
2021-12-22,50.597489153206
2021-12-23,6.050864189054002
2021-12-24,-22.692735422108
2021-12-25,-2.516596749772999
2021-12-26,29.322485791837
2021-12-27,-4.86707382693
2021-12-28,8.750417558068998
2021-12-29,7.897288968141
2021-12-30,15.031544804406998
2021-12-31,22.090427594792
2022-01-01,6.990380561108
2022-01-02,1.0186804491830017
2022-01-03,-34.397851067022
2022-01-04,-20.129748346119005
2022-01-05,31.171811748538005
2022-01-06,128.07065917415
2022-01-07,17.138509426864
2022-01-08,5.16666793185
2022-01-09,31.809134701818003
2022-01-10,-98.95071171159904
2022-01-11,51.69241779353501
2022-01-12,51.590931315275
2022-01-13,-196.258575364257
2022-01-14,-8.154449574549997
2022-01-15,12.182835026290999
2022-01-16,61.360881380347
2022-01-17,-12.721308736079
2022-01-18,13.876086720748994
2022-01-19,-284.07129972503105
2022-01-20,-11.648152127352002
2022-01-21,82.16982483318901
2022-01-22,27.127931321758
2022-01-23,14.526286224010002
2022-01-24,-4.4608411375890045
2022-01-25,10.864945737483
2022-01-26,-38.29265513741903
2022-01-27,-21.017465603981996
2022-01-28,-10.48813897215
2022-01-29,27.766577963435996
2022-01-30,-22.878220457850002
2022-01-31,15.801727848431
2022-02-01,21.352735950177
2022-02-02,5.313607236005
2022-02-03,-0.16044944159799934
2022-02-04,9.654443758339
2022-02-05,-14.688269421071999
2022-02-06,3.3037134119789995
2022-02-07,39.894533561698005
2022-02-08,-0.39374602456901275
2022-02-09,16.706862423936997
2022-02-10,-25.510992999988005
2022-02-11,-35.128979900299996
2022-02-12,27.647555209634
2022-02-13,-27.42305791408199
2022-02-14,-556.2842847349048
2022-02-15,38.756522210681
2022-02-16,0.3447805819620049
2022-02-17,-9.606962550433002
2022-02-18,-23.322182729971004
2022-02-19,-39.256907779052
2022-02-20,39.538402532127
2022-02-21,6.789168872025
2022-02-22,19.805254149458996
2022-02-23,9.386181075029995
2022-02-24,832.510660867017
2022-02-25,24.15913613322699
2022-02-26,309.18326017493297
2022-02-27,-13.630211214380004
2022-02-28,-16.054278658664995
2022-03-01,6.522334274627003
2022-03-02,-35.02426561226502
2022-03-03,-15.801739149197994
2022-03-04,38.810530438139
2022-03-05,25.217525246211007
2022-03-06,40.45621611108301
2022-03-07,156.632145290315
2022-03-08,-285.1833436187408
2022-03-09,39.792981100837
2022-03-10,-23.923046318541
2022-03-11,39.958334696282
2022-03-12,-335.46870040098
2022-03-13,-14.515416280147996
2022-03-14,13.442855660511004
2022-03-15,-98.99454026587499
2022-03-16,-90.05692974061003
2022-03-17,-21.355429683958018
2022-03-18,5.710893408123999
2022-03-19,-54.285645677071
2022-03-20,31.068586429705004
2022-03-21,35.656947214157
2022-03-22,112.712198526942
2022-03-23,27.084374691570005
2022-03-24,-11.493603050230904
2022-03-25,204.007164289001
2022-03-26,8.838161290640002
2022-03-27,45.94356876017301
2022-03-28,-8.190405144231995
2022-03-29,-25.049584616842008
2022-03-30,18.976501656386652
2022-03-31,27.479649032797997
2022-04-01,26.717764475161992
2022-04-02,269.514950475077
2022-04-03,1.3940496868669978
2022-04-04,18.741047801568
2022-04-05,-20.195350754290004
2022-04-06,47.306034990362996
2022-04-07,-14.888431669567018
2022-04-08,6.391853667412007
2022-04-09,30.275172851251998
2022-04-10,9.866468906985
2022-04-11,-396.44833291461
2022-04-12,42.98535303334201
2022-04-13,37.06398669850601
2022-04-14,67.663566372351
2022-04-15,19.985643579155003
2022-04-16,18.713892271159004
2022-04-17,-4.054390924922001
2022-04-18,37.13753243076601
2022-04-19,-292.25281511834896
2022-04-20,-8.521592694701004
2022-04-21,8.724134478739995
2022-04-22,1.3652570234149988
2022-04-23,-30.143721979092014
2022-04-24,17.65855375098799
2022-04-25,42.76566747662701
2022-04-26,39.74586169575299
2022-04-27,23.000486983174003
2022-04-28,55.57990088531
2022-04-29,-2.638805059299006
2022-04-30,-11.740963040699
2022-05-01,-11.764923040453
2022-05-02,-51.14667421937101
2022-05-03,-91.06790502637202
2022-05-04,-27.861332888539
2022-05-05,-38.895133499562
2022-05-06,-41.848857060603
2022-05-07,-8.380494419424
2022-05-08,-8.945679078319001
2022-05-09,-22.101106804104
2022-05-10,-321.141527011146
2022-05-11,-208.639659072029
2022-05-12,-169.676789466879
2022-05-13,-38.131884412609985
2022-05-14,-202.28863089014698
2022-05-15,-93.21328795817799
2022-05-16,22.408648293409
2022-05-17,28.392400983956
2022-05-18,-21.019726492724004
2022-05-19,-5.796671979650006
2022-05-20,-23.124791589892975
2022-05-21,-40.38022309165599
2022-05-22,37.842213760625995
2022-05-23,19.908057122560002
2022-05-24,-10.690857620191986
2022-05-25,-16.606746280399996
2022-05-26,-56.67333662621602
2022-05-27,-29.002027860863013
2022-05-28,-21.24458021030599
2022-05-29,6.793763322912
2022-05-30,113.17324764442097
2022-05-31,49.379663940953996
2022-06-01,0.4076897038069687
2022-06-02,-12.477635535082998
2022-06-03,-42.938245585799955
2022-06-04,44.83732773193002
2022-06-05,3.1881965539690027
2022-06-06,292.0948253787239
2022-06-07,23.400919461219996
2022-06-08,-13.607119381808
2022-06-09,-167.019395682102
2022-06-10,-32.03880405105197
2022-06-11,93.42259600142702
2022-06-12,208.74812258586098
2022-06-13,-2.149996578772966
2022-06-14,47.93594601186593
2022-06-15,10.077204032655024
2022-06-16,91.81103727396399
2022-06-17,-17.70802596857901
2022-06-18,121.58937641237199
2022-06-19,128.86544278753402
2022-06-20,51.194510970135994
2022-06-21,36.61156779050003
2022-06-22,73.47030753815898
2022-06-23,241.56358992918788
2022-06-24,15.720101385774003
2022-06-25,-34.71127414372301
2022-06-26,-11.460378156372997
2022-06-27,-2.7625379939899988
2022-06-28,39.517376553721995
2022-06-29,16.934180433429
2022-06-30,23.681313954033996
2022-07-01,88.080152332697
2022-07-02,4.048981707157986
2022-07-03,46.285785127575004
2022-07-04,8.682102940430985
2022-07-05,43.97960377297001
2022-07-06,-433.83504026159704
2022-07-07,28.783048906035
2022-07-08,-351.14181068948886
2022-07-09,9.948120059458995
2022-07-10,-4.204899553459998
2022-07-11,23.235100667433002
2022-07-12,-70.75946417157702
2022-07-13,40.437129909692
2022-07-14,-8.000779428627006
2022-07-15,31.177595114491005
2022-07-16,-4.925752078881995
2022-07-17,58.944904820213004
2022-07-18,-454.02822163276005
2022-07-19,124.027450370749
2022-07-20,144.360472668121
2022-07-21,26.763403587874
2022-07-22,3423.117504293424
2022-07-23,-282.06547299159473
2022-07-24,156.221067567197
2022-07-25,33.337004046596
2022-07-26,63.05064749491599
2022-07-27,71.50435937832299
2022-07-28,65.843222275918
2022-07-29,-479.81930947701886
2022-07-30,-1157.782563282947
2022-07-31,-2379.76183309955
2022-08-01,17.409069569346006
2022-08-02,97.913672977637
2022-08-03,48.91592487949896
2022-08-04,19.864771936207003
2022-08-05,-3.8163700686420006
2022-08-06,13.491467105578998
2022-08-07,0.024104240409023703
2022-08-08,-223.56005309776185
2022-08-09,-267.3127867450161
2022-08-10,32.374775596944
2022-08-11,571.267385986404
2022-08-12,76.401569916653
2022-08-13,16.787056624608013
2022-08-14,86.436266069753
2022-08-15,-88.69782803255998
2022-08-16,120.86641064593098
2022-08-17,-23.420699596857993
2022-08-18,-69.83913993388998
2022-08-19,221.611366444014
2022-08-20,48.78730522480598
2022-08-21,12.560079208678003
2022-08-22,19.718164389157998
2022-08-23,43.93984020967899
2022-08-24,-175.13118063733594
2022-08-25,668.244752679705
2022-08-26,-79.78979541992896
2022-08-27,38.670291178430006
2022-08-28,38.10907324261701
2022-08-29,41.00042159903201
2022-08-30,374.16891336600406
2022-08-31,-182.77871713307596
2022-09-01,-1.1079533226030034
2022-09-02,39.912751713800006
2022-09-03,-0.9987502554269969
2022-09-04,-9.158617024639
2022-09-05,1.7464143799080087
2022-09-06,5.129719415067988
2022-09-07,58.234435730650006
2022-09-08,3.0656625486569933
2022-09-09,54.910570368964
2022-09-10,36.275479901663005
2022-09-11,220.86643489122395
2022-09-12,43.559443433492994
2022-09-13,89.78721713635998
2022-09-14,47.623663062168966
2022-09-15,1001.3142015981041
2022-09-16,-125.55771995575704
2022-09-17,-19.458912249971988
2022-09-18,34.43837916379899
2022-09-19,368.985310781322
2022-09-20,-4.173938971067013
2022-09-21,92.23127995004704
2022-09-22,-70.36290649107703
2022-09-23,76.98075276421598
2022-09-24,230.06486526446406
2022-09-25,94.66072438292603
2022-09-26,134.49399002490898
2022-09-27,44.64782458335898
2022-09-28,40.234614952188
2022-09-29,3.949911893635985
2022-09-30,-109.42840854476997
2022-10-01,8.79363863271597
2022-10-02,-12.784662560819001
2022-10-03,25.223849009105006
2022-10-04,1.5702195742399971
2022-10-05,-33.561022943581
2022-10-06,21.63592097284099
2022-10-07,-63.271140721206
2022-10-08,70.14568940372102
2022-10-09,-8.527321603992991
2022-10-10,35.723634473970996
2022-10-11,-7.0282969132650095
2022-10-12,22.751985797135
2022-10-13,155.358634001672
2022-10-14,32.677072749745
2022-10-15,54.340065663874014
2022-10-16,-66.97339398418897
2022-10-17,-3.8836745928989957
2022-10-18,98.11273295575903
2022-10-19,93.40302779737299
2022-10-20,-20.910929950728978
2022-10-21,25.228984095255992
2022-10-22,36.097258096909016
2022-10-23,-46.986004386020014
2022-10-24,21.226216654782988
2022-10-25,38.622049415435974
2022-10-26,111.40826000078403
2022-10-27,445.44161814263
2022-10-28,316.74371614868704
2022-10-29,20.730875351569996
2022-10-30,11.352075431344993
2022-10-31,32.46379778414097
2022-11-01,186.00002686884497
2022-11-02,28.363455939059
2022-11-03,53.89659789621103
2022-11-04,119.94557127113704
2022-11-05,76.98583438870502
2022-11-06,47.100927390660004
2022-11-07,173.02088871232706
2022-11-08,129.02403390575503
2022-11-09,238.05252394538107
2022-11-10,-71.46218089563892
2022-11-11,2179.0862516268953
2022-11-12,229.77561420982298
2022-11-13,-179.240397025088
2022-11-14,1.807282910216026
2022-11-15,-197.25334597405606
2022-11-16,136.20464420347193
2022-11-17,-262.1073008007129
2022-11-18,74.13663530654696
2022-11-19,69.53040892081697
2022-11-20,-43.059984527316985
2022-11-21,83.40311457497599
2022-11-22,-53.88587514370493
2022-11-23,597.4604850565752
2022-11-24,20.418928851621992
2022-11-25,-1.4932338230700044
2022-11-26,489.9291791188549
2022-11-27,24.26668575408
2022-11-28,-81.80939356620104
2022-11-29,365.32360833358103
2022-11-30,26.824545078601968
2022-12-01,-63.70359389343501
2022-12-02,77.86529386409585
2022-12-03,66.26055454193497
2022-12-04,-68.12137847932199
2022-12-05,-88.51660360475294
2022-12-06,-18.975013858432014
2022-12-07,8.107484514132988
2022-12-08,25.767300777432006
2022-12-09,50.149137098220045
2022-12-10,45.356371081102964
2022-12-11,122.17330646906603
2022-12-12,204.11070354036397
2022-12-13,-88.54621282663979
2022-12-14,168.34945050812308
2022-12-15,-4.992302994278984
2022-12-16,-154.76889195809102
2022-12-17,-364.95464315338006
2022-12-18,-162.51566012653896
2022-12-19,-146.221980754155
2022-12-20,36.82848664869302
2022-12-21,-148.70047603129802
2022-12-22,392.2287631777692
2022-12-23,-142.25087738821503
2022-12-24,1.2202187827220023
2022-12-25,33.492000331734005
2022-12-26,74.240424062574
2022-12-27,68.91953160285105
2022-12-28,-146.62447602470598
2022-12-29,83.07731300608401
2022-12-30,58.45878642917699
2022-12-31,13.182391993525007
2023-01-01,38.977755000124986
2023-01-02,19.403070363400975
2023-01-03,-20.972763408006006
2023-01-04,718.1516194164295
2023-01-05,110.12047302069197
2023-01-06,43.51963833247199
2023-01-07,23.469562127087396
2023-01-08,127.96658258833502
2023-01-09,272.54521019529903
2023-01-10,-927.3273898643864
2023-01-11,-52.85626677850705
2023-01-12,207.93374128047893
2023-01-13,236.28696688321
2023-01-14,166.19909327866705
2023-01-15,-699.854615907169
2023-01-16,-41.65252703481599
2023-01-17,-77.54429327355994
2023-01-18,-101.37018384416605
2023-01-19,19.042448699486997
2023-01-20,102.31104116749202
2023-01-21,75.956124665041
2023-01-22,84.50401817833902
2023-01-23,-1000.4901934500065
2023-01-24,71.94053488039698
2023-01-25,252.76253157234797
2023-01-26,26.319631626281005
2023-01-27,-13.334749470880011
2023-01-28,-795.5041941929701
2023-01-29,34.06810094419607
2023-01-30,37.08748923786105
2023-01-31,-33.53301395201434
2023-02-01,67.93279337867904
2023-02-02,-76.36590965047405
2023-02-03,5.492445092306992
2023-02-04,14.773703778701995
2023-02-05,-74.21261568566896
2023-02-06,-11.142396083035008
2023-02-07,-48.990271970238986
2023-02-08,724.97185418556
2023-02-09,167.93572533092905
2023-02-10,-67.635241840273
2023-02-11,1.6498801295059464
2023-02-12,-12.399141018328988
2023-02-13,-0.8162001625140807
2023-02-14,-34.512566795571956
2023-02-15,12.237219999134977
2023-02-16,484.2498237330167
2023-02-17,82.78318785049001
2023-02-18,-584.2262942897191
2023-02-19,73.21880900048198
2023-02-20,116.73302401277103
2023-02-21,41.88066546653795
2023-02-22,-102.976511275476
2023-02-23,125.994750584859
2023-02-24,52.99113130711001
2023-02-25,19.422883033862014
2023-02-26,-50.21860459445698
2023-02-27,379.9717754667509
2023-02-28,57.93959269429206
2023-03-01,158.57975397803702
2023-03-02,1275.2316298683625
2023-03-03,-454.550011810167
2023-03-04,-151.95542599093204
2023-03-05,-77.32791164942898
2023-03-06,-250.34483880212795
2023-03-07,417.75724643615564
2023-03-08,12.439206358559998
2023-03-09,188.10450126913696
2023-03-10,988.2872963491968
2023-03-11,557.8918943626129
2023-03-12,-21.415447322392957
2023-03-13,113.31658658193004
2023-03-14,168.91183961914103
2023-03-15,-247.31914019836918
2023-03-16,-10.312593585432005
2023-03-17,131.60509089654207
2023-03-18,-135.89867711498303
2023-03-19,38.092689507869984
2023-03-20,86.11147621438194
2023-03-21,-31.97381553871396
2023-03-22,-297.24882796048394
2023-03-23,-98.46768573856998
2023-03-24,-18.885705877192965
2023-03-25,9.089569668913985
2023-03-26,-82.01089846739899
2023-03-27,-195.72881105146095
2023-03-28,-49.58865123062898
2023-03-29,-330.61660539820707
2023-03-30,-19.195058981654967
2023-03-31,1552.7058571009532
2023-04-01,-38.89448536425502
2023-04-02,41.15777717200196
2023-04-03,-95.13494511611302
2023-04-04,210.43381376307184
2023-04-05,-29.238726145225968
2023-04-06,146.38944088947616
2023-04-07,-68.765872803478
2023-04-08,-103.13412921295895
2023-04-09,-141.83261294213494
2023-04-10,25.001456000075958
2023-04-11,792.6601391973811
2023-04-12,56.32013173172099
2023-04-13,-9.310982467902019
2023-04-14,107.929501709122
2023-04-15,-24.429969825949982
2023-04-16,567.2420115085381
2023-04-17,-405.5169087254113
2023-04-18,-92.86702000498109
2023-04-19,338.9963114631438
2023-04-20,-113.85919210791508
2023-04-21,-185.13013160643493
2023-04-22,66.04441696415395
2023-04-23,591.2731266167876
2023-04-24,-91.01324423653996
2023-04-25,-750.1991621051914
2023-04-26,574.693685517694
2023-04-27,-316.4941462653719
2023-04-28,-611.9308073746089
2023-04-29,84.834140937084
2023-04-30,-11.656983907461013
2023-05-01,-92.3921817084789
2023-05-02,-77.46487584529494
2023-05-03,-69.494600448641
2023-05-04,947.3287672328865
2023-05-05,-182.35076686767488
2023-05-06,-64.60312246335795
2023-05-07,-245.17034196962507
2023-05-08,18.63591089238403
2023-05-09,510.0231264427613
2023-05-10,181.97863276195196
2023-05-11,-631.6644617108908
2023-05-12,640.4110107883758
2023-05-13,-801.883119467366
2023-05-14,30.026853296039015
2023-05-15,98.02321850010387
2023-05-16,-234.83180100630025
2023-05-17,-17.21648844563703
2023-05-18,-247.7202269967801
2023-05-19,-382.8306469791249
2023-05-20,-363.594746413002
2023-05-21,-677.5785172774359
2023-05-22,-129.2656656554601
2023-05-23,1553.0178242491702
2023-05-24,246.24421808668424
2023-05-25,-640.322574786986
2023-05-26,-453.6047169360999
2023-05-27,-504.3276954209317
2023-05-28,1709.657105476392
2023-05-29,-59.42885020138713
2023-05-30,-218.27185557786203
2023-05-31,-319.8575363850419
2023-06-01,-473.9508237877042
2023-06-02,-923.7014950575137
2023-06-03,-773.6734546109243
2023-06-04,201.7391959694967
2023-06-05,-160.09923785641715
2023-06-06,862.0716359184166
2023-06-07,-422.09464165390006
2023-06-08,-299.6552942654811
2023-06-09,1232.3258160407709
2023-06-10,-269.47995593732895
2023-06-11,-281.1970749814431
2023-06-12,-147.07931030933415
2023-06-13,490.0103861599842
2023-06-14,-395.84416716920924
2023-06-15,-702.3562649049552
2023-06-16,3204.3715700306
2023-06-17,447.6738501832656
2023-06-18,-285.99450283206
2023-06-19,-473.4662783833871
2023-06-20,195.61735178036292
2023-06-21,-123.09459592878297
2023-06-22,-187.31365266033393
2023-06-23,137.46439110051622
2023-06-24,384.90480418547105
2023-06-25,246.04719569481654
2023-06-26,-100.82502406260419
2023-06-27,-690.9150204838915
2023-06-28,-1211.347727665147
2023-06-29,-1990.1095184380874
2023-06-30,106.88448203173735
2023-07-01,-204.45098178074605
2023-07-02,-277.8775174895977
2023-07-03,2902.634879762856
2023-07-04,89.82962239546502
2023-07-05,1731.9951797317335
2023-07-06,780.2362839561522
2023-07-07,-294.282437354838
2023-07-08,-77.18868957703914
2023-07-09,-481.39596273003644
2023-07-10,-352.5827671714347
2023-07-11,-317.8376323120499
2023-07-12,-399.9581483637112
2023-07-13,252.18016291105278
2023-07-14,2960.058995124603
2023-07-15,367.5224125251747
2023-07-16,-312.61474127923987
2023-07-17,-234.5773332830339
2023-07-18,-672.5356675803947
2023-07-19,-260.54702598975103
2023-07-20,643.6411155659897
2023-07-21,-1108.6102842025255
2023-07-22,-361.750197790114
2023-07-23,-582.5275743189749
2023-07-24,-1345.1132097789769
2023-07-25,3171.9190158348865
2023-07-26,1172.4074469622649
2023-07-27,-252.44666637963505
2023-07-28,170.00859199679024
2023-07-29,-519.8271084999424
2023-07-30,-327.1415312814088
2023-07-31,380.53503378969424
2023-08-01,-557.1262468956531
2023-08-02,-1377.8630493038904
2023-08-03,414.0678902644661
2023-08-04,-1192.529121818287
2023-08-05,568.1085647531745
2023-08-06,-375.8613307019132
2023-08-07,41.48675070992577
2023-08-08,-412.13791465423924
2023-08-09,-603.7374184458536
2023-08-10,-750.1551335005014
2023-08-11,-306.13302221892224
2023-08-12,163.22720411406337
2023-08-13,-655.1118183084218
2023-08-14,-301.73675286875476
2023-08-15,-557.9780211011703
2023-08-16,-18.639723060692056
2023-08-17,-885.1572821312024
2023-08-18,1881.8890275498175
2023-08-19,173.5561999185628
2023-08-20,-651.4259889797638
2023-08-21,-1113.1353303888193
2023-08-22,-361.3773321795438
2023-08-23,145.28413844175907
2023-08-24,-586.139858074803
2023-08-25,-300.9146514083927
2023-08-26,-626.0500714077897
2023-08-27,-462.6315724324789
2023-08-28,-77.2934262370962
2023-08-29,566.3800678982312
2023-08-30,-818.904894677198
2023-08-31,249.20529640800788
2023-09-01,-257.70172341238435
2023-09-02,-1126.4842379055017
2023-09-03,5517.367594935577
2023-09-04,-153.83726894426087
2023-09-05,-402.726592419028
2023-09-06,185.79432789329928
2023-09-07,390.5754486630702
2023-09-08,-138.1718937650322
2023-09-09,-1613.5164848153063
2023-09-10,-288.04964769544057
2023-09-11,170.65954499920625
2023-09-12,-640.933628913946
2023-09-13,-484.0333041393952
2023-09-14,5849.4418184946535
2023-09-15,-765.1310734263061
2023-09-16,-624.9311249401073
2023-09-17,-561.8475735813539
2023-09-18,431.62724621677876
2023-09-19,-302.62557745100975
2023-09-20,-998.912939656882
2023-09-21,-1638.4048846529006
2023-09-22,3713.639130505018
2023-09-23,-1568.7265536983589
2023-09-24,3657.6367874500597
2023-09-25,-894.550603434353
2023-09-26,805.8172449877854
2023-09-27,-1071.49125435241
2023-09-28,704.9790247852341
2023-09-29,-4154.751058599946
2023-09-30,3903.1992670493396
2023-10-01,-503.30214191486704
2023-10-02,-2723.286170792533
2023-10-03,3608.4401746476788
2023-10-04,-212.9843057159369
2023-10-05,-397.7878353254628
2023-10-06,-285.928720669247
2023-10-07,-619.5482375307271
2023-10-08,-251.2944768359322
2023-10-09,-2124.67363706915
2023-10-10,2549.7360109349747
2023-10-11,-1410.4393266016343
2023-10-12,2036.4733930002162
2023-10-13,-992.774156466023
2023-10-14,-1112.928923374268
2023-10-15,4994.052581229543
2023-10-16,-21.234351474512128
2023-10-17,-681.8231829287657
2023-10-18,-364.9114190014882
2023-10-19,-937.100766050459
2023-10-20,-405.0416197748027
2023-10-21,-332.0083427399819
2023-10-22,-673.8429087793852
2023-10-23,-487.674947291223
2023-10-24,-1346.407653540197
2023-10-25,-222.74336834368015
2023-10-26,165.26711177668514
2023-10-27,-429.17734770951097
2023-10-28,-1283.035447076453
2023-10-29,-617.8423872386359
2023-10-30,-686.5747436548153
2023-10-31,-1085.744612683812
2023-11-01,5871.304552447199
2023-11-02,3470.6100759293977
2023-11-03,-934.0071025773033
2023-11-04,-5663.058323464396
2023-11-05,-2979.612572756839
2023-11-06,3233.5397016894362
2023-11-07,475.47184825807113
2023-11-08,-2408.4744302136
2023-11-09,-2930.389116645272
2023-11-10,3195.1145871499643
2023-11-11,450.2783037592466
2023-11-12,-1091.7555567872282
2023-11-13,1838.9366967033293
2023-11-14,1478.7283382850171
2023-11-15,2734.585238410936
2023-11-16,1255.1045851628742
2023-11-17,11006.533786481566
2023-11-18,-1759.2038273527787
2023-11-19,-2103.735079724151
2023-11-20,199.4361044370661
2023-11-21,-243.13869066760313
2023-11-22,-966.0101261495097
2023-11-23,-646.3989823887857
2023-11-24,-838.7664706323318
2023-11-25,-298.41863440094306
2023-11-26,-778.0076095939601
2023-11-27,-635.8860801741407
2023-11-28,-480.3185536385881
2023-11-29,-174.70006661902937
2023-11-30,-419.2692374639703
2023-12-01,6.826101006252953
2023-12-02,-551.2038005058307
2023-12-03,-228.9247609685759
2023-12-04,77.81235768857216
2023-12-05,-147.7668485124619
2023-12-06,1186.6804348325816
2023-12-07,-34.08927548562898
2023-12-08,945.136782771218
2023-12-09,-1140.2858369639196
2023-12-10,-304.11115399827014
2023-12-11,2917.929429737408
2023-12-12,18.547941570850945
2023-12-13,355.6493046942769
2023-12-14,-221.36913409126703
2023-12-15,-238.60824061860993
2023-12-16,-165.86071129503
2023-12-17,-298.9190318058629
2023-12-18,-3976.378668029874
2023-12-19,-104.92274178123411
2023-12-20,-598.9251031467379
2023-12-21,195.09713664113153
2023-12-22,-494.24384145407817
2023-12-23,-615.3200730128469
2023-12-24,-246.95916283863485
2023-12-25,-291.98346759281026
2023-12-26,87.4165773341719
2023-12-27,1425.1928334624463
2023-12-28,-527.5322123023242
2023-12-29,-757.8925957302832
2023-12-30,-573.757982899069
2023-12-31,-232.39453390637496
2024-01-01,-483.22415802296007
2024-01-02,-283.202805619817
2024-01-03,134.74294090231265
2024-01-04,-536.6799810086138
2024-01-05,-377.7697207342188
2024-01-06,-556.8789334119151
2024-01-07,-657.8505301519496
2024-01-08,1978.754534572877
2024-01-09,-577.7058807549914
2024-01-10,-622.1075644093389
2024-01-11,-549.7531284355808
2024-01-12,-440.9155234105015
2024-01-13,3277.7054644801456
2024-01-14,1418.645656093207
2024-01-15,4252.84166941569
2024-01-16,3778.4815525324852
2024-01-17,-168.7037807371511
2024-01-18,-329.96596539003656
2024-01-19,-531.9197675513935
2024-01-20,-488.8441337946053
2024-01-21,-267.7851742235056
2024-01-22,71.19954575192139
2024-01-23,-531.2860194172653
2024-01-24,-192.55116738914901
2024-01-25,-463.16594648300446
2024-01-26,-887.6951333930688
2024-01-27,-561.7191605202546
2024-01-28,686.4158369860185
2024-01-29,164.01332162855476
2024-01-30,1433.6106904775606
2024-01-31,330.08443762969324
2024-02-01,-78.90820794359293
2024-02-02,1009.8325442715422
2024-02-03,-332.68624176608637
2024-02-04,-780.7754314534493
2024-02-05,-256.9737099760614
2024-02-06,-253.3676375762411
2024-02-07,-237.13261381217896
2024-02-08,-152.95689387046582
2024-02-09,-325.82784663905187
2024-02-10,-282.00755477018424
2024-02-11,-626.9559257770013
2024-02-12,-196.6587184282542
2024-02-13,-358.3390429350181
2024-02-14,329.9113476021142
2024-02-15,-579.066831092436
2024-02-16,-351.9814444475528
2024-02-17,-682.6287833831298
2024-02-18,-504.062628268437
2024-02-19,-518.4046556130613
2024-02-20,-210.14931000795005
2024-02-21,-562.12856645685
2024-02-22,-716.7305341827802
2024-02-23,-299.6394243370879
2024-02-24,-1046.8409963750469
2024-02-25,-10.523373449786096
2024-02-26,958.550882629307
2024-02-27,1859.3880698339613
2024-02-28,3179.4689041300603
2024-02-29,1312.5071411401593
2024-03-01,620.4005792763585
2024-03-02,-575.1080846270753
2024-03-03,-1351.8721712346098
2024-03-04,-1186.8210552772543
2024-03-05,-114.34426443817267
2024-03-06,-633.430755675402
2024-03-07,-987.993423985227
2024-03-08,-727.3405338425106
2024-03-09,-675.792707578563
2024-03-10,-661.143547776278
2024-03-11,-767.1398720184048
2024-03-12,-736.8730759211522
2024-03-13,1643.6527106233239
2024-03-14,146.79982905568085
2024-03-15,-464.97679869977526
2024-03-16,496.73510295353515
2024-03-17,-530.7629648295149
2024-03-18,-1392.2032035759453
2024-03-19,-2127.1750251498443
2024-03-20,5331.057893063963
2024-03-21,-685.1709611680607
2024-03-22,-543.9683009343746
2024-03-23,-124.11796496334127
2024-03-24,4202.401581840749
2024-03-25,-1600.305951316102
2024-03-26,-677.6217785259277
2024-03-27,-464.0973407039354
2024-03-28,-1756.6468846189005
2024-03-29,2487.388942958276
2024-03-30,-1370.0439538985645
2024-03-31,40.47345052751214
2024-04-01,-785.2494514760228
2024-04-02,-681.0337535406157
2024-04-03,1498.6142499909708
2024-04-04,-428.08329651795907
2024-04-05,-1818.5438789929601
2024-04-06,-1191.133534966551
2024-04-07,969.9511494473913
2024-04-08,6604.015861937836
2024-04-09,-791.1399945071901
2024-04-10,1149.5847064710078
2024-04-11,-658.8022541347128
2024-04-12,-3.0828949999156308
2024-04-13,-629.1318626978332
2024-04-14,6442.848211106658
2024-04-15,-726.897301713374
2024-04-16,221.37247309196718
2024-04-17,-242.189031370389
2024-04-18,-236.12726990141897
2024-04-19,-488.22782114813657
2024-04-20,-1183.449622008008
2024-04-21,-1057.4462618238624
2024-04-22,-1050.5433355387568
2024-04-23,-1208.6913974664624
2024-04-24,-1138.5018168932804
2024-04-25,-683.7010417023876
2024-04-26,-497.63628184794874
2024-04-27,-870.0066351903258
2024-04-28,2850.1229458298644
2024-04-29,-1608.336699476739
2024-04-30,-1339.7015912324791
2024-05-01,1160.5680042222111
2024-05-02,-557.9502774573996
2024-05-03,-671.1814561101025
2024-05-04,1044.5100314957358
2024-05-05,3386.3694338320643
2024-05-06,-903.2708290802773
2024-05-07,-851.7909952674338
2024-05-08,-209.46034320163798
2024-05-09,-284.40782586151016
2024-05-10,130.72997598734588
2024-05-11,-96.20300939610705
2024-05-12,-148.4219324315737
2024-05-13,-135.09041474062212
2024-05-14,-284.73458588513483
2024-05-15,809.9182572722414
2024-05-16,-150.21075116745516
2024-05-17,-35.50473999650507
2024-05-18,-89.92840298766701
2024-05-19,-152.04643737762296
2024-05-20,842.4936724143395
2024-05-21,282.909313029494
2024-05-22,431.72367811473293
2024-05-23,689.795692938702
2024-05-24,-170.37031190089485
2024-05-25,13.602864082020963
2024-05-26,221.57562756833897
2024-05-27,7381.373350573785
2024-05-28,1438.180894687924
2024-05-29,20.745041582263937
2024-05-30,2940.7520725842646
2024-05-31,-120.00053012694022
2024-06-01,-105.70380195662304
2024-06-02,30.281010218248994
2024-06-03,-1067.7800358044337
2024-06-04,-37.779623399425994
2024-06-05,119.45487783939507
2024-06-06,-2350.259545055641
2024-06-07,2453.9488175463653
2024-06-08,3065.5051806170413
2024-06-09,3198.545722828527
2024-06-10,4077.274276953275
2024-06-11,3607.5867581606426
2024-06-12,1818.661821390796
2024-06-13,284.493735997611
2024-06-14,285.9905827575969
2024-06-15,10.741186657936005
2024-06-16,168.77856530178798
2024-06-17,14.876978828728205
2024-06-18,-365.96138885921147
2024-06-19,46.519426064252315
2024-06-20,-425.233603004737
2024-06-21,-562.5278648411291
2024-06-22,-46.58505784751423
2024-06-23,-215.5806217513291
2024-06-24,29.82852332136893
2024-06-25,-501.7263958529402
2024-06-26,-1015.3436498558079
2024-06-27,-972.0532449155739
2024-06-28,753.9234140422752
2024-06-29,65.88460609692116
2024-06-30,2657.0989768819186
2024-07-01,3586.407727850964
2024-07-02,673.7201793949364
2024-07-03,-168.91128170538727
2024-07-04,-189.33330420303918
2024-07-05,-335.9599049648323
2024-07-06,-50.97162038441101
2024-07-07,-159.3462874888379
2024-07-08,72.74529259955396
2024-07-09,-586.0429662310803
2024-07-10,50.094626100276784
2024-07-11,22.410053580574257
2024-07-12,-15.624105342660092
2024-07-13,428.4921392722719
2024-07-14,-4.142280992465961
2024-07-15,-102.55819921494799
2024-07-16,-552.440461429774
2024-07-17,-74.98858864524512
2024-07-18,-1227.5847202370635
2024-07-19,94.83318909477703
2024-07-20,188.637063543678
2024-07-21,199.84204844342096
2024-07-22,-153.0328749006882
2024-07-23,-56.459948533109184
2024-07-24,-227.71567292647384
2024-07-25,-22.515450315237963
2024-07-26,-406.05051079690986
2024-07-27,-968.6297516411856
2024-07-28,1005.5350473973151
2024-07-29,-300.1137781920679
2024-07-30,-2637.965833175522
2024-07-31,-6.549912157176975
2024-08-01,304.1589461301351
2024-08-02,619.0011042346111
2024-08-03,69.4653398423729
2024-08-04,124.96293323522103
2024-08-05,3311.8978059684123
2024-08-06,5758.58966265838
2024-08-07,-45.181402548600815
2024-08-08,-953.992640527169
2024-08-09,-321.7358982916573
2024-08-10,630.095722001145
2024-08-11,1942.3375284115698
2024-08-12,200.59138285438
2024-08-13,-98.66442107181777
2024-08-14,-432.9717614621843
2024-08-15,-1559.5985174878865
2024-08-16,-470.376034323156
2024-08-17,-726.7867517982256
2024-08-18,-496.1560387282721
2024-08-19,-292.2315362330169
2024-08-20,-41.543632169703
2024-08-21,-387.8984035679168
2024-08-22,1141.9070970787893
2024-08-23,456.08270200753
2024-08-24,309.398018232704
2024-08-25,75.09403521975106
2024-08-26,-3227.9440152412894
2024-08-27,-935.6429788866315
2024-08-28,1479.593457675791
2024-08-29,67.04629195074395
2024-08-30,-598.3220760326208
2024-08-31,-227.30069890366573
2024-09-01,-58.46287415902121
2024-09-02,-156.00549617140695
2024-09-03,252.54227454136708
2024-09-04,-238.51743896902883
2024-09-05,399.60703084513375
2024-09-06,620.9861672412479
2024-09-07,892.9318006114217
2024-09-08,-136.35394377780688
2024-09-09,-76.77456899513206
2024-09-10,-458.8454627449298
2024-09-11,-474.04319206586206
2024-09-12,-166.85919314107016
2024-09-13,-295.6744451201591
2024-09-14,253.85920214127003
2024-09-15,-455.90520482299337
2024-09-16,-738.104538431067
2024-09-17,6471.028626080351
2024-09-18,345.7805300078728
2024-09-19,225.2716506346397
2024-09-20,651.7693229784738
2024-09-21,513.60125334513
2024-09-22,176.38410917603298
2024-09-23,206.8348555162645
2024-09-24,-16.522584860980963
2024-09-25,205.75998428782904
2024-09-26,-786.9942624944883
2024-09-27,89.02501188612354
2024-09-28,57.61935546600098
2024-09-29,-350.969040200371
2024-09-30,-2218.4521464387935
2024-10-01,860.4241554227189
2024-10-02,-626.6130478147634
2024-10-03,-63.32367600698328
2024-10-04,396.6294614644429
2024-10-05,-178.53767390059005
2024-10-06,-146.80563823801793
2024-10-07,-313.59619196258694
2024-10-08,389.5606319495922
2024-10-09,1535.5890343689846
2024-10-10,543.9067748998193
2024-10-11,1272.9389683699433
2024-10-12,1339.0646870146732
2024-10-13,-425.31890634144906
2024-10-14,-438.41564611876953
2024-10-15,-195.1351592391092
2024-10-16,595.2426086375517
2024-10-17,619.2473517238546
2024-10-18,-1427.5073485411717
2024-10-19,3697.2475342532666
2024-10-20,3997.2756282048454
2024-10-21,430.8709100704091
2024-10-22,340.6264921075435
2024-10-23,154.75859247966005
2024-10-24,5268.278675785381
2024-10-25,1192.8874966915157
2024-10-26,1825.8355720635916
2024-10-27,4307.044366943675
2024-10-28,238.2216020653661
2024-10-29,-73.093482423486
2024-10-30,802.427800314558
2024-10-31,-258.40100835790804
2024-11-01,188.46798978149803
2024-11-02,228.25459210303302
2024-11-03,-902.5377636559128
2024-11-04,-682.1095722003596
2024-11-05,-142.97904254283475
2024-11-06,-335.3871391532833
2024-11-07,454.3355321744055
2024-11-08,-323.2670127172709
2024-11-09,-617.3273643038119
2024-11-10,80.24889425269009
2024-11-11,-315.238582926918
2024-11-12,35.38468333436629
2024-11-13,856.345116098078
2024-11-14,-151.1645539885573
2024-11-15,-591.1557595638174
2024-11-16,301.5447305066868
2024-11-17,-1024.3426214419599
2024-11-18,-3476.9908669121105
2024-11-19,-9103.791807941874
2024-11-20,-9439.824753356124
2024-11-21,431.83337299198604
2024-11-22,-1220.3924802306228
2024-11-23,-477.9648585701173
2024-11-24,-154.65780148561913
2024-11-25,-3.2114851070363883
2024-11-26,-120.44413744069823
2024-11-27,-609.0421706337639
2024-11-28,-186.97130326266625
2024-11-29,452.15081899210094
2024-11-30,178.56087379645092
2024-12-01,42.06254160582498
2024-12-02,148.0686984467418
2024-12-03,-361.03988313924174
2024-12-04,-535.8267336530596
2024-12-05,-13.998313814235928
2024-12-06,-2061.2174471775993
2024-12-07,2059.5009482224864
2024-12-08,-56.22402402346094
2024-12-09,284.0133022450061
2024-12-10,410.2679204610987
2024-12-11,2583.8951518725394
2024-12-12,-3143.4704154613414
2024-12-13,255.85169495410054
2024-12-14,-706.698468372492
2024-12-15,-889.6401442584053
2024-12-16,0.3030463662729517
2024-12-17,-507.7417782461357
2024-12-18,562.4489348702782
2024-12-19,1040.600202586336
2024-12-20,409.80190178911965
2024-12-21,8068.119750275768
2024-12-22,5577.916836520165
2024-12-23,10847.180777736978
2024-12-24,9294.605757756868
2024-12-25,1440.615732237457
2024-12-26,78.11005953181505
2024-12-27,997.7785848594551
2024-12-28,997.5133786940899
2024-12-29,370.6922925513548
2024-12-30,416.04041018652924
2024-12-31,-1438.6932614369423
2025-01-01,2460.8555753420187
2025-01-02,-277.6495310140818
2025-01-03,440.50478774889723
2025-01-04,1937.5846510481676
2025-01-05,-28.58811810477993
2025-01-06,1394.336126263823
2025-01-07,-1230.3940206850195
2025-01-08,1734.5207100588793
2025-01-09,823.5738417800756
2025-01-10,-578.8451878097326
2025-01-11,502.51525449122295
2025-01-12,517.6956963026371
2025-01-13,-305.22994442858317
2025-01-14,329.7310405321062
2025-01-15,-371.8994424801108
2025-01-16,54.1975488684303
2025-01-17,4180.185732021922
2025-01-18,1029.218407210596
2025-01-19,561.0835875597463
2025-01-20,-1990.0787521303307
2025-01-21,1592.1188562536643
2025-01-22,659.1163662574626
2025-01-23,829.35531199069
2025-01-24,-9020.292235022092
2025-01-25,-7.809212048261262
2025-01-26,-146.23125084399695
2025-01-27,158.85996746394113
2025-01-28,429.03091375319417
2025-01-29,1.1798248143039736
2025-01-30,-78.72156883678053
2025-01-31,1115.0141175734877
2025-02-01,752.4899528262771
2025-02-02,642.9454707953348
2025-02-03,-899.323438828829
2025-02-04,269.80835043167497
2025-02-05,-629.9080847890526
2025-02-06,421.28804518841366
2025-02-07,-936.5775940938113
2025-02-08,-3323.1388099188425
2025-02-09,-1363.9134724902722
2025-02-10,753.8990441780571
2025-02-11,-346.53723078885304
2025-02-12,176.47231182412995
2025-02-13,6529.870139827213
2025-02-14,292.1775614397857
2025-02-15,-357.68324647783214
2025-02-16,-908.0414724754577
2025-02-17,120.06421478135366
2025-02-18,1101.8981978041747
2025-02-19,-91.14697566796127
2025-02-20,4459.709905121883
2025-02-21,-38874.97968245959
2025-02-22,-2865.7359307360707
2025-02-23,293.5351525051268
2025-02-24,3511.775626547222
2025-02-25,40404.452423669354
2025-02-26,72.73259705100865
2025-02-27,-352.4532026150633
2025-02-28,-425.2024934775392
2025-03-01,141.27923304905005
2025-03-02,1428.1348074631535
2025-03-03,1707.8448529164043
2025-03-04,-435.33115364230366
2025-03-05,282.70396532489093
2025-03-06,451.422712101926
2025-03-07,-249.64562155749127
2025-03-08,-775.2233592308918
2025-03-09,138.50980042060107
2025-03-10,-1744.1722122888157
2025-03-11,-215.62176159217267
2025-03-12,612.6475507871228
2025-03-13,1460.5776960562696
2025-03-14,1172.8591076404978
2025-03-15,481.2667534443729
2025-03-16,678.5319989601709
2025-03-17,23.627311152004296
2025-03-18,-3646.829033522675
2025-03-19,2535.580116645847
2025-03-20,2875.855916137444
2025-03-21,4125.609531450292
2025-03-22,6082.287066073737
2025-03-23,351.5428319547952
2025-03-24,12007.021390924047
2025-03-25,-38.28945663010572
2025-03-26,147.13567381446504
2025-03-27,363.81721946228964
2025-03-28,-236.30790617639795
2025-03-29,1327.7739541623748
2025-03-30,-224.40163131847194
2025-03-31,-560.0643126302456
2025-04-01,1389.1942996750802
2025-04-02,-1068.5949193458423
2025-04-03,-2291.083676136308
2025-04-04,-1267.0195180196895
2025-04-05,-16.89580330590907
2025-04-06,-394.77501299036277
2025-04-07,-4652.086645315093
2025-04-08,11129.820900162485
2025-04-09,6430.544948257934
2025-04-10,5586.1625337025735
2025-04-11,3206.7019225258264
2025-04-12,1140.222021125809
2025-04-13,-583.1700047961779
2025-04-14,743.7780126265721
2025-04-15,-291.68998036801133
2025-04-16,-1203.6313363841966
2025-04-17,-1376.272873201745
2025-04-18,-99.89978451206383
2025-04-19,79.55657146075703
2025-04-20,-4281.053092902132
2025-04-21,-762.2702999380163
2025-04-22,926.192599624263
2025-04-23,681.0492644457792
2025-04-24,1030.152079028167
2025-04-25,-502.900107695044
2025-04-26,10538.245051306705
2025-04-27,423.7662816108173
2025-04-28,-2646.4651696236438
2025-04-29,-1462.594600366645
2025-04-30,-748.6849316366729
2025-05-01,381.6075622309903
2025-05-02,258.8730740572864
2025-05-03,-868.0238955947706
2025-05-04,-24.756718815615862
2025-05-05,-38.905102150799074
2025-05-06,1572.4301344262547
2025-05-07,-238.45361145118085
2025-05-08,787.6889583287503
2025-05-09,-2110.9378245958346
2025-05-10,-1159.7002713942509
2025-05-11,-1850.60190625069
2025-05-12,-396.0950239184132
2025-05-13,726.7872985580092
2025-05-14,539.3563447952902
2025-05-15,-183.39029070968846
2025-05-16,-236.09967433796584
2025-05-17,-778.4989644738533
2025-05-18,-738.086505368805
2025-05-19,-70.0265274660012
2025-05-20,1094.1109440956416
2025-05-21,113.52590011377198
2025-05-22,1078.506510803291
2025-05-23,-572.6354852960158
2025-05-24,26.42710755882804
2025-05-25,255.1668050887441
2025-05-26,715.9759144665039
2025-05-27,-1055.6492298960898
2025-05-28,405.1198650812143
2025-05-29,-1776.1703444667276
2025-05-30,-295.92371168560294
2025-05-31,325.2612330939838
2025-06-01,-341.68624417403515
2025-06-02,930.8091921572681
2025-06-03,252.72007106946637
2025-06-04,1353.9676533644688
2025-06-05,-3668.905422027655
2025-06-06,1304.2532488304269
2025-06-07,-11.754908296043373
2025-06-08,4654.278577137391
2025-06-09,88.58498516619393
2025-06-10,1721.9125474753894
2025-06-11,958.2218209341789
2025-06-12,158.68316677737798
2025-06-13,-656.4289392564667
2025-06-14,-2805.2365359488153
2025-06-15,-1562.3777458012125
2025-06-16,3558.5964481776296
2025-06-17,-2011.6982957842006
2025-06-18,7253.516681532103
2025-06-19,3397.210312898224
2025-06-20,-3318.0991951504584
2025-06-21,-770.4730421270058
2025-06-22,2500.104104669529
2025-06-23,-793.015547960788
2025-06-24,244.4243789606821
2025-06-25,1832.5142626798977
2025-06-26,702.0945102227737
2025-06-27,216.43379185310258
2025-06-28,155.07356162723795
2025-06-29,886.3040841465559
2025-06-30,1464.5578792104054
2025-07-01,956.7551630860349
2025-07-02,675.1883546288516
2025-07-03,-162.25000076192165
2025-07-04,554.6966528352029
2025-07-05,2489.647387656202
2025-07-06,192.252522418211
2025-07-07,112.52855444171396
2025-07-08,1279.7540103134659
2025-07-09,2254.8210409205503
2025-07-10,144.91710928548642
2025-07-11,1306.6925114401363
2025-07-12,648.3704293683103
2025-07-13,-576.9837477095668
2025-07-14,4.357046226829766
2025-07-15,-9.562201178662697
2025-07-16,-1413.7114926232362
2025-07-17,330.05630184157314
2025-07-18,13840.983134127751
2025-07-19,7734.910049501895
2025-07-20,1021.0925172253808
2025-07-21,-8643.790760482721
2025-07-22,-2419.9110424560195
2025-07-23,416.03789992748716
2025-07-24,34.53905351241154
2025-07-25,315.5554195218563
2025-07-26,180.32840200346772
2025-07-27,2246.87120927046
2025-07-28,2326.091126814793
2025-07-29,-10118.597529692539
2025-07-30,5381.447584287673
2025-07-31,2983.9861441348253
2025-08-01,2597.660119049695
2025-08-02,1274.7814233018091
2025-08-03,1521.08386816137
2025-08-04,12947.32449473611
2025-08-05,-1224.2552814893209
2025-08-06,176.22119788960475
2025-08-07,-1812.8100788885743
2025-08-08,-870.4869228848278
2025-08-09,3082.269403967821
2025-08-10,-390.58915796011075
2025-08-11,745.6230219041416
2025-08-12,-1199.6255699353317
2025-08-13,682.154658476554
2025-08-14,-1396.8803860926428
2025-08-15,1570.1169320136735
2025-08-16,453.2661415934821
2025-08-17,1357.4676219783792
2025-08-18,-921.34398162149
2025-08-19,-573.7873819677399
2025-08-20,-391.7460957684893
2025-08-21,1209.1802995346472
2025-08-22,-1214.3503629182383
2025-08-23,-1236.4146821563195
2025-08-24,1382.2286568209881
2025-08-25,-1563.9039569255804
2025-08-26,-554.5701433899969
2025-08-27,3749.880260624691
2025-08-28,-1032.3052603226347
2025-08-29,-158.41567747413973
2025-08-30,215.53187103727385
2025-08-31,-305.53308648872195
2025-09-01,-6089.064065956191
2025-09-02,-1078.165659387352
2025-09-03,5720.233228250836
2025-09-04,5769.559838569614
2025-09-05,471.31058927704225
2025-09-06,-581.238482808653
2025-09-07,-345.2382064889778
2025-09-08,-760.5311398692121
2025-09-09,-178.1379829661374
2025-09-10,539.2883560349602
2025-09-11,867.1521177732192
2025-09-12,-2241.077462761864
2025-09-13,556.03043971944
2025-09-14,-804.9281118777891
2025-09-15,-117.7429497554055
2025-09-16,-1345.7960309015114
2025-09-17,1144.893497972346
2025-09-18,-569.9780480973512
2025-09-19,-824.5696568929765
2025-09-20,-129.56436732545706
2025-09-21,116.59379964420107
2025-09-22,-1153.512809650052
2025-09-23,-666.4349687146133
2025-09-24,593.0085986178041
2025-09-25,-1098.3101382812429
2025-09-26,558.9673180692137
2025-09-27,-2435.718698961054
2025-09-28,1395.3877651457922
2025-09-29,115.86970269660549
2025-09-30,839.433311055553
2025-10-01,-1192.7632725842666
2025-10-02,-997.8179802905445
2025-10-03,-1329.8395213330064
2025-10-04,-238.08684360705487
2025-10-05,-4050.3349151316306
2025-10-06,1163.546617896074
2025-10-07,-1333.5463508826083
2025-10-08,-859.0551201903816
2025-10-09,-270.7124257810609
2025-10-10,-1377.4299076774164
2025-10-11,-3752.7642252050273
2025-10-12,-1819.8177616357455
2025-10-13,782.8025853563076
2025-10-14,7202.307642879193
2025-10-15,875.3839564059491
2025-10-16,711.7840133122193
2025-10-17,4667.558333837369
2025-10-18,471.5282881820271
2025-10-19,-722.4130156327058
2025-10-20,-453.5867765644029
2025-10-21,-557.5934462015267
2025-10-22,-1677.4297522948434
2025-10-23,2754.262285893837
2025-10-24,-474.19858187052455
2025-10-25,-1126.8900986439294
2025-10-26,1304.9354439019721
2025-10-27,1173.5903546604934
2025-10-28,-455.9469957897425
2025-10-29,-537.3179805749185
2025-10-30,544.2113822140172
2025-10-31,-10020.735580530836
2025-11-01,-255.41781201238967
2025-11-02,-15.36859768571938
2025-11-03,4899.60412201307
2025-11-04,-1509.3145963832699
2025-11-05,-1342.4757337743058
2025-11-06,-480.67075228210024
2025-11-07,-3942.0571402015903
2025-11-08,326.36645631498897
2025-11-09,1478.047666202438
2025-11-10,-2316.733144480844
2025-11-11,-398.40920715723774
2025-11-12,530.9319144172096
2025-11-13,7736.486779642209
2025-11-14,431.01848803093037
2025-11-15,621.0974198158667
2025-11-16,1933.0721833285534
2025-11-17,3148.9906765845863
2025-11-18,-661.8725296740311
2025-11-19,-541.3286308632073
2025-11-20,-1025.4553190242666
2025-11-21,6502.818679320148
2025-11-22,-678.1969546650412
2025-11-23,-1364.4598336924041
2025-11-24,1740.2010456161975
2025-11-25,-271.0056355182238
2025-11-26,-1773.385217839736
2025-11-27,-4056.9912549706987
2025-11-28,-306.287104976481
2025-11-29,-498.9767302704023
2025-11-30,-331.52329020814994
2025-12-01,-437.03229099961266
2025-12-02,5821.137133162414
2025-12-03,116.58370908537609
2025-12-04,-9533.2692855695
2025-12-05,-591.7279871492487
2025-12-06,-247.70152669181172
2025-12-07,-268.2220273176571
2025-12-08,-332.8208268656717
2025-12-09,-8066.379419282857
2025-12-10,-4016.9681672602565
2025-12-11,16616.073474161938
2025-12-12,4284.536994960792
2025-12-13,-549.0735037587152
2025-12-14,674.2723973292262
2025-12-15,-2473.9930163295917
2025-12-16,-1298.4091658993977
2025-12-17,-592.9110799158259
2025-12-18,18.64525277190195
2025-12-19,1115.5529813658347
2025-12-20,1650.7455710765719
2025-12-21,-1184.4110977477148
2025-12-22,2460.2118150090323
2025-12-23,747.7239667706187
2025-12-24,-1125.0544892461828
2025-12-25,1827.3551519268956
2025-12-26,1867.6640833914805
2025-12-27,-392.4593357818772
2025-12-28,1354.5497424810865
2025-12-29,-1144.893709990633
2025-12-30,-2263.696368722983
2025-12-31,-3926.757407676257
2026-01-01,-361.46092742102314
2026-01-02,348.81662563087804
2026-01-03,-322.21334227874763
2026-01-04,-380.1234020927799
2026-01-05,-625.4530621041583
2026-01-06,205.62318565523287
2026-01-07,-803.2350379469914
2026-01-08,12271.451352166556
2026-01-09,4720.730720439607
2026-01-10,1139.028672856474
2026-01-11,141.47576261138303
2026-01-12,418.3373693771682
2026-01-13,-2217.2082953024546
2026-01-14,1034.7372016614904
2026-01-15,-2298.0790031389465
2026-01-16,3596.2992767241567
2026-01-17,514.4875605115637
2026-01-18,-144.40034426064798
2026-01-19,293.2234175056102
2026-01-20,3318.695336849895
2026-01-21,-3849.35100350627
2026-01-22,-1216.442209009098
2026-01-23,-2769.627785601885
2026-01-24,-924.0354600628224
2026-01-25,228.22629043885925
2026-01-26,762.9790308083724
2026-01-27,2288.2078397453283
2026-01-28,-2975.8696063827533
2026-01-29,-1845.1900616671028
2026-01-30,-2156.4296986413783
2026-01-31,-3198.7561574941
2026-02-01,-2410.658995332855
2026-02-02,-6093.580617682323
2026-02-03,-2923.712942833196
2026-02-04,-958.080502639103
2026-02-05,-5128.857114898243
2026-02-06,-16463.31670219095
2026-02-07,-2887.149913281301
2026-02-08,-1479.1102161883161
2026-02-09,-3194.200858213725
2026-02-10,-1072.3364230240409
2026-02-11,-584.9986828326944
2026-02-12,-4077.859201574223
2026-02-13,-1506.87171006303
2026-02-14,-1135.4438292837324
2026-02-15,-3446.4078035916004
2026-02-16,-3083.666286340879
2026-02-17,660.9994808065668
2026-02-18,-8505.074225657067
2026-02-19,1085.3301207956947
2026-02-20,-5114.311576569144
2026-02-21,-1357.3360471338783
2026-02-22,-858.9626278083085
2026-02-23,98.74987936181331
2026-02-24,10626.614623948593
2026-02-25,5795.044297714974
2026-02-26,-7827.505792807883
2026-02-27,5091.35018116414
2026-02-28,-1854.3324515343602
2026-03-01,-668.3928707644826
2026-03-02,981.9477769255636
2026-03-03,-1374.8486411992308
2026-03-04,10736.00841480265
2026-03-05,4540.9431964261075
2026-03-06,286.9588652187529
2026-03-07,969.2662702385389
2026-03-08,-129.5424624917548
2026-03-09,3258.0200227181513
2026-03-10,122.61177266113876
2026-03-11,-12953.01295963113
2026-03-12,4916.440603317106
2026-03-13,6667.327990994826
2026-03-14,-927.5147656423429
2026-03-15,-803.5229919456342
2026-03-16,-3986.880637828899
2026-03-17,-8774.982800629776
2026-03-18,-5250.577536902126
2026-03-19,-1789.727240879198
2026-03-20,-597.5631452328464
2026-03-21,-969.924887763278
2026-03-22,-998.5703616542152
2026-03-23,-315.1174371545844
2026-03-24,-10830.565501757996
2026-03-25,-2621.296965715779
2026-03-26,500.2795411556969
2026-03-27,-573.9476837549594
2026-03-28,-326.41464024715594
2026-03-29,-1060.2613020723877
2026-03-30,-1798.0016708238743
2026-03-31,-2281.1423744140616
2026-04-01,-815.4401178723868
2026-04-02,-3966.205751638567
2026-04-03,645.1349468970162
2026-04-04,-628.8363394369761
2026-04-05,491.2220599842554
2026-04-06,703.0886339940237
2026-04-07,1000.8501234793176
2026-04-08,-3536.997515370923
2026-04-09,9408.97936115782
2026-04-10,558.9542476871331
2026-04-11,934.1927475365687
2026-04-12,3679.2445136202473
2026-04-13,-2014.5517793430975
2026-04-14,-1463.532576750037
2026-04-15,-1501.8704124502872
2026-04-16,-2101.6384750434736
2026-04-17,-10648.513133786084
2026-04-18,211.70761238307173
2026-04-19,-4881.133401971084
2026-04-20,-7543.551165546846
2026-04-21,-1613.8728019042214
2026-04-22,-1638.8183617344407
2026-04-23,762.9185351011215
2026-04-24,9117.043245179804
2026-04-25,2512.003216472574
2026-04-26,2693.185388909882
2026-04-27,8779.580313622688
2026-04-28,2607.879700968942
2026-04-29,-2087.1415053653786
2026-04-30,649.5971404442879
2026-05-01,-679.2357599328799
2026-05-02,1276.1489072405473
2026-05-03,-1111.7767208679425
2026-05-04,2225.1430798162587
2026-05-05,-1008.3091202068265
2026-05-06,9249.627502569996
2026-05-07,12618.231542476427
2026-05-08,6730.678205793854
2026-05-09,3191.2992402270806
2026-05-10,2753.96419365886
2026-05-11,3166.0051501047988
2026-05-12,3147.948668723908
2026-05-13,-2713.4858371995783
2026-05-14,-2509.944534107229
2026-05-15,-896.5417559309369
2026-05-16,-1042.0818714257132
2026-05-17,2531.6882295444057
2026-05-18,-1023.9429602959342
2026-05-19,1107.2301063405732
2026-05-20,7086.429777229954
2026-05-21,241.9744161723565
2026-05-22,-1226.8714787068593
2026-05-23,-3796.9710478106163
2026-05-24,5869.8721857561195
2026-05-25,-1576.512019450011
2026-05-26,1360.1532346258432
2026-05-27,-4150.742749598658
2026-05-28,3168.5984429572904
2026-05-29,59.74721576026959
2026-05-30,940.5912645951207
2026-05-31,2190.9826871839164
2026-06-01,-1196.0556862452413
2026-06-02,-489.49275178989507
2026-06-03,771.3631702094132
2026-06-04,-2622.5941665289115
2026-06-05,-17120.94118026597
2026-06-06,-7836.679738803842
2026-06-07,-2187.1798338664335
2026-06-08,-5498.769532592468
2026-06-09,-426.0710898762105
2026-06-10,-1542.5671473848643
2026-06-11,1411.4360625980407
2026-06-12,1659.6991902037023
2026-06-13,2306.0400204390544
2026-06-14,5233.96315126344
2026-06-15,-4306.1108073319565
2026-06-16,4041.391152375641
2026-06-17,-1016.425600240132
2026-06-18,-1331.4786510259482
2026-06-19,-2016.4072642713015
2026-06-20,-506.5617983411407
2026-06-21,-1565.7817405172493
2026-06-22,1448.6384186686803
2026-06-23,-4023.027627993993
2026-06-24,144.0460932203232
2026-06-25,2195.4197825971582
2026-06-26,-513.5271669233922
2026-06-27,-2172.653573592148
2026-06-28,-1399.3598324832337
2026-06-29,-2275.569745435972
2026-06-30,-1127.5679922445695
2026-07-01,-482.7526010629323
2026-07-02,878.2906275179532
2026-07-03,-125.83294625666429
2026-07-04,-217.656487702098
2026-07-05,169.2836857556651
2026-07-06,2042.9484468667367
2026-07-07,118.51719735672326
2026-07-08,-1131.1864745275552
2026-07-09,2143.7073431129393
2026-07-10,-105.45550332693594
2026-07-11,-285.2631921198666
2026-07-12,96.01347314616808
2026-07-13,-233.62432776701905
2026-07-14,-672.1316055355622
2026-07-15,-1445.9736920888222
2026-07-16,8938.120292278152
2026-07-17,-5353.456782069411
2026-07-18,-7394.6178458761015
2026-07-19,-13840.335439709077
2026-07-20,-6732.575899172258
2026-07-21,-1075.464266658448
2026-07-22,-2902.543967906561
2026-07-23,-2240.305079205374
2026-07-24,610.9694725529298
2026-07-25,559.138065080777
2026-07-26,-87.2753543950281
2026-07-27,-1341.2205224934646
2026-07-28,310.19205098062963
2026-07-29,-1214.436520692974
2026-07-30,-2028.6732724950161
2026-07-31,71.43357453512394
2026-08-01,355.39099766222506
2026-08-02,-1081.865487509347
2026-08-03,751.3943851195373
2026-08-04,-440.7957102761303
2026-08-05,-1466.9923131116886
2026-08-06,-1767.3056461697188
2026-08-07,33.85143957481598
2026-08-08,-2201.6701213459687
2026-08-09,484.0054150076511
