date,n_swaps,med_usdc_per_usdt,q25_px_micro,q75_px_micro,premium_bps
2021-11-15,235,1.0,1000000,1000000,0.0
2021-11-17,116,1.0,1000000,1000000,0.0
2021-12-30,226,1.0,1000000,1000000,0.0
2021-12-31,302,1.0,1000000,1000000,0.0
2022-01-01,241,1.0,1000000,1000000,0.0
2022-01-02,197,1.0,1000000,1000000,0.0
2022-01-03,275,1.0,1000000,1000000,0.0
2022-01-04,269,1.0,1000000,1000000,0.0
2022-01-05,312,1.0,1000000,1000000,0.0
2022-01-06,392,1.0,1000000,1000000,0.0
2022-01-07,605,1.0,1000000,1000000,0.0
2022-01-08,538,1.0,1000000,1000000,0.0
2022-01-09,203,1.0,1000000,1000000,0.0
2022-01-10,243,1.0,1000000,1000000,0.0
2022-01-11,322,1.0,1000000,1000000,0.0
2022-01-12,220,1.0,1000000,1000000,0.0
2022-01-18,105,1.0,1000000,1000000,0.0
2022-01-19,202,1.0,1000000,1000000,0.0
2022-01-20,203,1.0,1000000,1000000,0.0
2022-01-21,450,1.0,1000000,1000000,0.0
2022-01-22,749,1.0,1000000,1000000,0.0
2022-01-23,567,1.0,1000000,1000000,0.0
2022-01-24,506,1.0,1000000,1000000,0.0
2022-01-25,191,1.0,1000000,1000000,0.0
2022-01-28,321,1.0,1000000,1000000,0.0
2022-01-29,129,1.0,1000000,1000000,0.0
2022-04-12,178,1.0,1000000,1000000,0.0
2022-04-13,217,1.0,1000000,1000000,0.0
2022-04-14,202,1.0,1000000,1000000,0.0
2022-04-16,136,1.0,1000000,1000000,0.0
2022-04-27,241,1.0,1000000,1000000,0.0
2022-04-28,237,1.0,1000000,1000000,0.0
2022-04-29,512,1.0,1000000,1000000,0.0
2022-04-30,435,1.0,1000000,1000000,0.0
2022-05-01,261,1.0,1000000,1000000,0.0
2022-05-02,237,1.0,1000000,1000000,0.0
2022-05-03,411,1.0,1000000,1000000,0.0
2022-05-04,586,1.0,1000000,1000000,0.0
2022-05-05,337,1.0,1000000,1000000,0.0
2022-05-06,530,1.0,1000000,1000000,0.0
2022-05-07,448,1.0,1000000,1000000,0.0
2022-05-08,724,1.0,1000000,1000000,0.0
2022-05-09,1284,1.0,1000000,1000000,0.0
2022-05-10,1265,1.0,1000000,1000000,0.0
2022-05-11,1191,1.0,1000000,1000000,0.0
2022-05-12,175,1.0,1000000,1000000,0.0
2022-05-13,827,1.0,1000000,1000000,0.0
2022-05-14,878,1.0,1000000,1000000,0.0
2022-05-15,660,1.0,1000000,1000000,0.0
2022-05-16,893,1.0,1000000,1000000,0.0
2022-05-17,824,1.0,1000000,1000000,0.0
2022-05-18,840,1.0,1000000,1000000,0.0
2022-05-19,860,1.0,1000000,1000000,0.0
2022-05-20,598,1.0,1000000,1000000,0.0
2022-05-21,406,1.0,1000000,1000000,0.0
2022-05-22,449,1.0,1000000,1000000,0.0
2022-05-23,649,1.0,1000000,1000000,0.0
2022-05-24,567,1.0,1000000,1000000,0.0
2022-05-25,490,1.0,1000000,1000000,0.0
2022-05-26,740,1.0,1000000,1000000,0.0
2022-05-27,873,1.0,1000000,1000000,0.0
2022-05-28,646,1.0,1000000,1000000,0.0
2022-05-29,412,1.0,1000000,1000000,0.0
2022-05-30,673,1.0,1000000,1000000,0.0
2022-05-31,622,1.0,1000000,1000000,0.0
2022-06-01,586,1.0,1000000,1000000,0.0
2022-06-02,471,1.0,1000000,1000000,0.0
2022-06-03,492,1.0,1000000,1000000,0.0
2022-06-04,338,1.0,1000000,1000000,0.0
2022-06-05,331,1.0,1000000,1000000,0.0
2022-06-06,464,1.0,1000000,1000000,0.0
2022-06-07,610,1.0,1000000,1000000,0.0
2022-06-08,358,1.0,1000000,1000000,0.0
2022-06-09,342,1.0,1000000,1000000,0.0
2022-06-10,603,1.0,1000000,1000000,0.0
2022-06-11,770,1.0,1000000,1000000,0.0
2022-06-12,891,1.0,1000000,1000000,0.0
2022-06-13,2089,1.0,1000000,1000000,0.0
2022-06-14,1622,1.0,1000000,1000000,0.0
2022-06-15,1806,1.0,1000000,1000000,0.0
2022-06-16,1331,1.0,1000000,1000000,0.0
2022-06-17,974,1.0,1000000,1000000,0.0
2022-06-18,1509,1.0,1000000,1000000,0.0
2022-06-19,1211,1.0,1000000,1000000,0.0
2022-06-20,982,1.0,1000000,1000000,0.0
2022-06-21,780,1.0,1000000,1000000,0.0
2022-06-22,703,1.0,1000000,1000000,0.0
2022-06-23,581,1.0,1000000,1000000,0.0
2022-06-24,739,1.0,1000000,1000000,0.0
2022-06-25,475,1.0,1000000,1000000,0.0
2022-06-26,486,1.0,1000000,1000000,0.0
2022-06-27,646,1.0,1000000,1000000,0.0
2022-06-28,734,1.0,1000000,1000000,0.0
2022-06-29,634,1.0,1000000,1000000,0.0
2022-06-30,793,1.0,1000000,1000000,0.0
2022-07-01,832,1.0,1000000,1000000,0.0
2022-07-02,614,1.0,1000000,1000000,0.0
2022-07-03,832,1.0,1000000,1000000,0.0
2022-07-04,1048,1.0,1000000,1000000,0.0
2022-07-05,1061,1.0,1000000,1000000,0.0
2022-07-06,690,1.0,1000000,1000000,0.0
2022-07-07,677,1.0,1000000,1000000,0.0
2022-07-08,607,1.0,1000000,1000000,0.0
2022-07-09,410,1.0,1000000,1000000,0.0
2022-07-10,533,1.0,1000000,1000000,0.0
2022-07-11,609,1.0,1000000,1000000,0.0
2022-07-12,756,1.0,1000000,1000000,0.0
2022-07-13,695,1.0,1000000,1000000,0.0
2022-07-14,734,1.0,1000000,1000000,0.0
2022-07-15,500,1.0,1000000,1000000,0.0
2022-07-16,689,1.0,1000000,1000000,0.0
2022-07-17,703,1.0,1000000,1000000,0.0
2022-07-18,1131,1.0,1000000,1000000,0.0
2022-07-19,870,1.0,1000000,1000000,0.0
2022-07-20,480,1.0,1000000,1000000,0.0
2022-07-21,429,1.0,1000000,1000000,0.0
2022-07-22,401,1.0,1000000,1000000,0.0
2022-07-23,313,1.0,1000000,1000000,0.0
2022-07-24,335,1.0,1000000,1000000,0.0
2022-07-25,416,1.0,1000000,1000000,0.0
2022-07-26,372,1.0,1000000,1000000,0.0
2022-07-27,348,1.0,1000000,1000000,0.0
2022-08-07,174,1.0,1000000,1000000,0.0
2022-08-19,911,1.0,1000000,1000000,0.0
2022-08-20,525,1.0,1000000,1000000,0.0
2022-08-21,658,1.0,1000000,1000000,0.0
2022-08-22,969,1.0,1000000,1000000,0.0
2022-08-23,979,1.0,1000000,1000000,0.0
2022-08-24,623,1.0,1000000,1000000,0.0
2022-08-25,670,1.0,1000000,1000000,0.0
2022-08-26,500,1.0,1000000,1000000,0.0
2022-08-27,581,1.0,1000000,1000000,0.0
2022-08-28,640,1.0,1000000,1000000,0.0
2022-08-29,1096,1.0,1000000,1000000,0.0
2022-08-30,402,1.0,1000000,1000000,0.0
2022-08-31,443,1.0,1000000,1000000,0.0
2022-09-01,609,1.0,1000000,1000000,0.0
2022-09-02,405,1.0,1000000,1000000,0.0
2022-09-03,315,1.0,1000000,1000000,0.0
2022-09-04,310,1.0,1000000,1000000,0.0
2022-09-05,353,1.0,1000000,1000000,0.0
2022-09-06,535,1.0,1000000,1000000,0.0
2022-09-07,397,1.0,1000000,1000000,0.0
2022-09-08,275,1.0,1000000,1000000,0.0
2022-09-09,199,1.0,1000000,1000000,0.0
2022-09-14,691,1.0,1000000,1000000,0.0
2022-09-15,841,1.0,1000000,1000000,0.0
2022-09-16,753,1.0,1000000,1000000,0.0
2022-09-17,570,1.0,1000000,1000000,0.0
2022-09-18,492,1.0,1000000,1000000,0.0
2022-09-19,805,1.0,1000000,1000000,0.0
2022-09-20,526,1.0,1000000,1000000,0.0
2022-09-21,657,1.0,1000000,1000000,0.0
2022-09-22,652,1.0,1000000,1000000,0.0
2022-09-23,690,1.0,1000000,1000000,0.0
2022-09-24,500,1.0,1000000,1000000,0.0
2022-09-25,465,1.0,1000000,1000000,0.0
2022-09-26,510,1.0,1000000,1000000,0.0
2022-09-27,525,1.0,1000000,1000000,0.0
2022-09-28,671,1.0,1000000,1000000,0.0
2022-09-29,448,1.0,1000000,1000000,0.0
2022-09-30,437,1.0,1000000,1000000,0.0
2022-10-01,446,1.0,1000000,1000000,0.0
2022-10-02,545,1.0,1000000,1000000,0.0
2022-10-03,545,1.0,1000000,1000000,0.0
2022-10-04,667,1.0,1000000,1000000,0.0
2022-10-10,162,1.0,1000000,1000000,0.0
2022-10-11,594,1.0,1000000,1000000,0.0
2022-10-12,931,1.0,1000000,1000000,0.0
2022-10-13,928,1.0,1000000,1000000,0.0
2022-10-14,409,1.0,1000000,1000000,0.0
2022-10-15,328,1.0,1000000,1000000,0.0
2022-10-16,131,1.0,1000000,1000000,0.0
2022-10-17,462,1.0,1000000,1000000,0.0
2022-10-18,313,1.0,1000000,1000000,0.0
2022-10-19,382,1.0,1000000,1000000,0.0
2022-10-20,346,1.0,1000000,1000000,0.0
2022-10-21,516,1.0,1000000,1000000,0.0
2022-10-22,312,1.0,1000000,1000000,0.0
2022-10-23,350,1.0,1000000,1000000,0.0
2022-10-24,315,1.0,1000000,1000000,0.0
2022-10-25,306,1.0,1000000,1000000,0.0
2022-10-31,247,1.0,1000000,1000000,0.0
2022-11-01,996,1.0,1000000,1000000,0.0
2022-11-02,1148,1.0,1000000,1000000,0.0
2022-11-03,478,1.0,1000000,1000000,0.0
2022-11-04,644,1.0,1000000,1000000,0.0
2022-11-05,438,1.0,1000000,1000000,0.0
2022-11-06,458,1.0,1000000,1000000,0.0
2022-11-07,649,1.0,1000000,1000000,0.0
2022-11-08,343,1.0,1000000,1000000,0.0
2022-11-09,4210,1.0,1000000,1000000,0.0
2022-11-10,6623,1.0,1000000,1000000,0.0
2022-11-11,2782,1.0,1000000,1000000,0.0
2022-11-12,1889,1.0,1000000,1000000,0.0
2022-11-13,2071,1.0,1000000,1000000,0.0
2022-11-14,2114,1.0,1000000,1000000,0.0
2022-11-15,1414,1.0,1000000,1000000,0.0
2022-11-16,1662,1.0,1000000,1000000,0.0
2022-11-17,1288,1.0,1000000,1000000,0.0
2022-11-18,1155,1.0,1000000,1000000,0.0
2022-11-19,1053,1.0,1000000,1000000,0.0
2022-11-20,1559,1.0,1000000,1000000,0.0
2022-11-21,2027,1.0,1000000,1000000,0.0
2022-11-22,1625,1.0,1000000,1000000,0.0
2022-11-23,1429,1.0,1000000,1000000,0.0
2022-11-24,1112,1.0,1000000,1000000,0.0
2022-11-25,1156,1.0,1000000,1000000,0.0
2022-11-26,933,1.0,1000000,1000000,0.0
2022-11-27,870,1.0,1000000,1000000,0.0
2022-11-28,1318,1.0,1000000,1000000,0.0
2022-11-29,1319,1.0,1000000,1000000,0.0
2022-11-30,1166,1.0,1000000,1000000,0.0
2022-12-01,210,1.0,1000000,1000000,0.0
2022-12-06,115,1.0,1000000,1000000,0.0
2022-12-07,275,1.0,1000000,1000000,0.0
2022-12-08,279,1.0,1000000,1000000,0.0
2022-12-10,317,1.0,1000000,1000000,0.0
2022-12-11,163,1.0,1000000,1000000,0.0
2022-12-13,162,1.0,1000000,1000000,0.0
2022-12-14,666,1.0,1000000,1000000,0.0
2022-12-22,284,1.0,1000000,1000000,0.0
2022-12-23,385,1.0,1000000,1000000,0.0
2022-12-24,363,1.0,1000000,1000000,0.0
2022-12-25,374,1.0,1000000,1000000,0.0
2022-12-26,503,1.0,1000000,1000000,0.0
2022-12-27,740,1.0,1000000,1000000,0.0
2022-12-28,851,1.0,1000000,1000000,0.0
2022-12-29,978,1.0,1000000,1000000,0.0
2022-12-30,900,1.0,1000000,1000000,0.0
2022-12-31,839,1.0,1000000,1000000,0.0
2023-01-01,627,1.0,1000000,1000000,0.0
2023-01-02,836,1.0,1000000,1000000,0.0
2023-01-03,732,1.0,1000000,1000000,0.0
2023-01-04,963,1.0,1000000,1000000,0.0
2023-01-05,874,1.0,1000000,1000000,0.0
2023-01-06,885,1.0,1000000,1000000,0.0
2023-01-07,708,1.0,1000000,1000000,0.0
2023-01-08,405,1.0,1000000,1000000,0.0
2023-01-09,633,1.0,1000000,1000000,0.0
2023-01-10,517,1.0,1000000,1000000,0.0
2023-01-11,153,1.0,1000000,1000000,0.0
2023-01-12,664,1.0,1000000,1000000,0.0
2023-01-19,411,1.0,1000000,1000000,0.0
2023-01-31,402,1.0,1000000,1000000,0.0
2023-02-01,224,1.0,1000000,1000000,0.0
2023-03-03,104,1.0,1000000,1000000,0.0
2023-03-04,324,1.0,1000000,1000000,0.0
2023-03-05,290,1.0,1000000,1000000,0.0
2023-03-06,334,1.0,1000000,1000000,0.0
2023-03-07,570,1.0,1000000,1000000,0.0
2023-03-08,496,1.0,1000000,1000000,0.0
2023-03-09,966,1.0,1000000,1000000,0.0
2023-03-10,1068,1.0,1000000,1000000,0.0
2023-04-21,256,1.0,1000000,1000000,0.0
2023-04-22,426,1.0,1000000,1000000,0.0
2023-04-23,248,1.0,1000000,1000000,0.0
2023-04-24,207,1.0,1000000,1000000,0.0
2023-04-25,108,1.0,1000000,1000000,0.0
2023-04-26,138,1.0,1000000,1000000,0.0
2023-05-25,344,1.0,1000000,1000000,0.0
2023-05-26,273,1.0,1000000,1000000,0.0
2023-06-07,273,1.0,1000000,1000000,0.0
2023-06-08,254,1.0,1000000,1000000,0.0
2023-06-09,273,1.0,1000000,1000000,0.0
2023-06-10,140,1.0,1000000,1000000,0.0
2023-06-13,406,1.0,1000000,1000000,0.0
2023-06-14,740,1.0,1000000,1000000,0.0
2023-06-15,2321,1.0,1000000,1000000,0.0
2023-06-16,1024,1.0,1000000,1000000,0.0
2023-06-17,451,1.0,1000000,1000000,0.0
2023-06-18,383,1.0,1000000,1000000,0.0
2023-06-19,531,1.0,1000000,1000000,0.0
2023-06-20,845,1.0,1000000,1000000,0.0
2023-06-21,530,1.0,1000000,1000000,0.0
2023-06-22,255,1.0,1000000,1000000,0.0
2023-06-27,323,1.0,1000000,1000000,0.0
2023-06-28,332,1.0,1000000,1000000,0.0
2023-06-29,297,1.0,1000000,1000000,0.0
2023-06-30,777,1.0,1000000,1000000,0.0
2023-07-01,547,1.0,1000000,1000000,0.0
2023-07-02,489,1.0,1000000,1000000,0.0
2023-07-03,512,1.0,1000000,1000000,0.0
2023-07-04,119,1.0,1000000,1000000,0.0
2023-07-05,115,1.0,1000000,1000000,0.0
2023-07-06,365,1.0,1000000,1000000,0.0
2023-07-07,340,1.0,1000000,1000000,0.0
2023-07-08,253,1.0,1000000,1000000,0.0
2023-07-09,207,1.0,1000000,1000000,0.0
2023-07-10,330,1.0,1000000,1000000,0.0
2023-07-11,215,1.0,1000000,1000000,0.0
2023-07-12,281,1.0,1000000,1000000,0.0
2023-07-13,274,1.0,1000000,1000000,0.0
2023-07-19,192,1.0,1000000,1000000,0.0
2023-07-20,350,1.0,1000000,1000000,0.0
2023-07-21,258,1.0,1000000,1000000,0.0
2023-07-22,312,1.0,1000000,1000000,0.0
2023-07-23,201,1.0,1000000,1000000,0.0
2023-07-24,259,1.0,1000000,1000000,0.0
2023-07-25,322,1.0,1000000,1000000,0.0
2023-07-26,577,1.0,1000000,1000000,0.0
2023-07-27,496,1.0,1000000,1000000,0.0
2023-07-28,474,1.0,1000000,1000000,0.0
2023-07-29,350,1.0,1000000,1000000,0.0
2023-07-30,311,1.0,1000000,1000000,0.0
2023-07-31,518,1.0,1000000,1000000,0.0
2023-08-01,826,1.0,1000000,1000000,0.0
2023-08-02,645,1.0,1000000,1000000,0.0
2023-08-03,652,1.0,1000000,1000000,0.0
2023-08-04,742,1.0,1000000,1000000,0.0
2023-08-05,549,1.0,1000000,1000000,0.0
2023-08-06,565,1.0,1000000,1000000,0.0
2023-08-07,725,1.0,1000000,1000000,0.0
2023-08-08,785,1.0,1000000,1000000,0.0
2023-08-09,711,1.0,1000000,1000000,0.0
2023-08-10,514,1.0,1000000,1000000,0.0
2023-08-11,536,1.0,1000000,1000000,0.0
2023-08-12,349,1.0,1000000,1000000,0.0
2023-08-13,354,1.0,1000000,1000000,0.0
2023-08-14,507,1.0,1000000,1000000,0.0
2023-08-15,572,1.0,1000000,1000000,0.0
2023-08-16,539,1.0,1000000,1000000,0.0
2023-08-17,970,1.0,1000000,1000000,0.0
2023-08-18,814,1.0,1000000,1000000,0.0
2023-08-19,489,1.0,1000000,1000000,0.0
2023-08-20,393,1.0,1000000,1000000,0.0
2023-08-21,520,1.0,1000000,1000000,0.0
2023-08-22,638,1.0,1000000,1000000,0.0
2023-08-23,503,1.0,1000000,1000000,0.0
2023-08-24,479,1.0,1000000,1000000,0.0
2023-08-25,459,1.0,1000000,1000000,0.0
2023-08-26,406,1.0,1000000,1000000,0.0
2023-08-27,353,1.0,1000000,1000000,0.0
2023-08-28,426,1.0,1000000,1000000,0.0
2023-08-29,501,1.0,1000000,1000000,0.0
2023-08-30,226,1.0,1000000,1000000,0.0
2023-08-31,293,1.0,1000000,1000000,0.0
2023-09-01,538,1.0,1000000,1000000,0.0
2023-09-02,375,1.0,1000000,1000000,0.0
2023-09-03,287,1.0,1000000,1000000,0.0
2023-09-04,429,1.0,1000000,1000000,0.0
2023-09-05,515,1.0,1000000,1000000,0.0
2023-09-06,517,1.0,1000000,1000000,0.0
2023-09-07,434,1.0,1000000,1000000,0.0
2023-09-08,500,1.0,1000000,1000000,0.0
2023-09-09,290,1.0,1000000,1000000,0.0
2023-09-10,400,1.0,1000000,1000000,0.0
2023-09-11,679,1.0,1000000,1000000,0.0
2023-09-12,686,1.0,1000000,1000000,0.0
2023-09-13,464,1.0,1000000,1000000,0.0
2023-09-14,176,1.0,1000000,1000000,0.0
2023-09-15,375,1.0,1000000,1000000,0.0
2023-09-16,178,1.0,1000000,1000000,0.0
2023-09-17,104,1.0,1000000,1000000,0.0
2023-09-18,133,1.0,1000000,1000000,0.0
2023-09-21,161,1.0,1000000,1000000,0.0
2023-09-22,255,1.0,1000000,1000000,0.0
2023-09-23,320,1.0,1000000,1000000,0.0
2023-09-24,326,1.0,1000000,1000000,0.0
2023-09-25,515,1.0,1000000,1000000,0.0
2023-09-26,465,1.0,1000000,1000000,0.0
2023-09-27,482,1.0,1000000,1000000,0.0
2023-09-28,630,1.0,1000000,1000000,0.0
2023-09-29,476,1.0,1000000,1000000,0.0
2023-09-30,293,1.0,1000000,1000000,0.0
2023-10-01,229,1.0,1000000,1000000,0.0
2023-10-02,128,1.0,1000000,1000000,0.0
2023-10-04,324,1.0,1000000,1000000,0.0
2023-10-05,149,1.0,1000000,1000000,0.0
2023-10-11,313,1.0,1000000,1000000,0.0
2023-10-12,571,1.0,1000000,1000000,0.0
2023-10-13,508,1.0,1000000,1000000,0.0
2023-10-14,674,1.0,1000000,1000000,0.0
2023-10-15,410,1.0,1000000,1000000,0.0
2023-10-16,227,1.0,1000000,1000000,0.0
2023-10-24,191,1.0,1000000,1000000,0.0
2023-10-25,271,1.0,1000000,1000000,0.0
2023-10-27,109,1.0,1000000,1000000,0.0
2023-11-22,122,1.0,1000000,1000000,0.0
2023-11-28,153,1.0,1000000,1000000,0.0
2023-12-05,112,1.0,1000000,1000000,0.0
2023-12-06,221,1.0,1000000,1000000,0.0
2023-12-07,398,1.0,1000000,1000000,0.0
2023-12-11,403,1.0,1000000,1000000,0.0
2023-12-12,634,1.0,1000000,1000000,0.0
2023-12-13,728,1.0,1000000,1000000,0.0
2023-12-14,228,1.0,1000000,1000000,0.0
2023-12-15,523,1.0,1000000,1000000,0.0
2023-12-16,884,1.0,1000000,1000000,0.0
2023-12-17,622,1.0,1000000,1000000,0.0
2023-12-18,683,1.0,1000000,1000000,0.0
2023-12-19,636,1.0,1000000,1000000,0.0
2023-12-20,518,1.0,1000000,1000000,0.0
2023-12-21,426,1.0,1000000,1000000,0.0
2023-12-22,190,1.0,1000000,1000000,0.0
2023-12-26,376,1.0,1000000,1000000,0.0
2023-12-27,411,1.0,1000000,1000000,0.0
2023-12-31,517,1.0,1000000,1000000,0.0
2024-01-01,640,1.0,1000000,1000000,0.0
2024-01-11,147,1.0,1000000,1000000,0.0
2024-01-12,732,1.0,1000000,1000000,0.0
2024-01-13,642,1.0,1000000,1000000,0.0
2024-01-14,607,1.0,1000000,1000000,0.0
2024-01-15,741,1.0,1000000,1000000,0.0
2024-01-16,770,1.0,1000000,1000000,0.0
2024-01-17,640,1.0,1000000,1000000,0.0
2024-01-18,665,1.0,1000000,1000000,0.0
2024-01-19,1178,1.0,1000000,1000000,0.0
2024-01-20,789,1.0,1000000,1000000,0.0
2024-01-21,887,1.0,1000000,1000000,0.0
2024-01-22,1737,1.0,1000000,1000000,0.0
2024-01-23,1768,1.0,1000000,1000000,0.0
2024-01-24,1421,1.0,1000000,1000000,0.0
2024-01-25,1270,1.0,1000000,1000000,0.0
2024-01-26,1067,1.0,1000000,1000000,0.0
2024-01-27,813,1.0,1000000,1000000,0.0
2024-01-28,871,1.0,1000000,1000000,0.0
2024-01-29,1108,1.0,1000000,1000000,0.0
2024-01-30,881,1.0,1000000,1000000,0.0
2024-01-31,978,1.0,1000000,1000000,0.0
2024-02-01,847,1.0,1000000,1000000,0.0
2024-02-02,868,1.0,1000000,1000000,0.0
2024-02-03,648,1.0,1000000,1000000,0.0
2024-02-04,614,1.0,1000000,1000000,0.0
2024-02-05,841,1.0,1000000,1000000,0.0
2024-02-06,856,1.0,1000000,1000000,0.0
2024-02-07,1069,1.0,1000000,1000000,0.0
2024-02-08,717,1.0,1000000,1000000,0.0
2024-02-09,246,1.0,1000000,1000000,0.0
2024-02-20,299,1.0,1000000,1000000,0.0
2024-02-21,255,1.0,1000000,1000000,0.0
2024-02-22,708,1.0,1000000,1000000,0.0
2024-02-23,749,1.0,1000000,1000000,0.0
2024-02-24,610,1.0,1000000,1000000,0.0
2024-02-25,653,1.0,1000000,1000000,0.0
2024-02-26,305,1.0,1000000,1000000,0.0
2024-03-14,380,1.0,1000000,1000000,0.0
2024-03-15,1235,1.0,1000000,1000000,0.0
2024-03-16,1018,1.0,1000000,1000000,0.0
2024-03-17,1048,1.0,1000000,1000000,0.0
2024-03-18,1157,1.0,1000000,1000000,0.0
2024-03-19,1593,1.0,1000000,1000000,0.0
2024-03-20,1270,1.0,1000000,1000000,0.0
2024-03-21,741,1.0,1000000,1000000,0.0
2024-03-22,695,1.0,1000000,1000000,0.0
2024-03-23,336,1.0,1000000,1000000,0.0
2024-03-24,350,1.0,1000000,1000000,0.0
2024-03-25,168,1.0,1000000,1000000,0.0
2024-03-27,827,1.0,1000000,1000000,0.0
2024-03-28,809,1.0,1000000,1000000,0.0
2024-03-29,141,1.0,1000000,1000000,0.0
2024-04-01,172,1.0,1000000,1000000,0.0
2024-04-02,106,1.0,1000000,1000000,0.0
2024-04-04,168,1.0,1000000,1000000,0.0
2024-04-08,612,1.0,1000000,1000000,0.0
2024-04-09,350,1.0,1000000,1000000,0.0
2024-04-10,1016,1.0,1000000,1000000,0.0
2024-04-11,751,1.0,1000000,1000000,0.0
2024-04-12,876,1.0,1000000,1000000,0.0
2024-04-17,141,1.0,1000000,1000000,0.0
2024-04-18,107,1.0,1000000,1000000,0.0
2024-04-24,714,1.0,1000000,1000000,0.0
2024-04-25,1077,1.0,1000000,1000000,0.0
2024-04-26,976,1.0,1000000,1000000,0.0
2024-04-27,966,1.0,1000000,1000000,0.0
2024-04-28,863,1.0,1000000,1000000,0.0
2024-04-29,1031,1.0,1000000,1000000,0.0
2024-04-30,1391,1.0,1000000,1000000,0.0
2024-05-01,1636,1.0,1000000,1000000,0.0
2024-05-02,1105,1.0,1000000,1000000,0.0
2024-05-03,432,1.0,1000000,1000000,0.0
2024-05-06,360,1.0,1000000,1000000,0.0
2024-05-07,604,1.0,1000000,1000000,0.0
2024-05-08,848,1.0,1000000,1000000,0.0
2024-05-09,1229,1.0,1000000,1000000,0.0
2024-05-10,1194,1.0,1000000,1000000,0.0
2024-05-11,730,1.0,1000000,1000000,0.0
2024-05-12,716,1.0,1000000,1000000,0.0
2024-05-13,1126,1.0,1000000,1000000,0.0
2024-05-14,1126,1.0,1000000,1000000,0.0
2024-05-15,834,1.0,1000000,1000000,0.0
2024-05-16,152,1.0,1000000,1000000,0.0
2024-05-17,264,1.0,1000000,1000000,0.0
2024-05-20,345,1.0,1000000,1000000,0.0
2024-05-21,747,1.0,1000000,1000000,0.0
2024-05-22,1075,1.0,1000000,1000000,0.0
2024-05-23,1492,1.0,1000000,1000000,0.0
2024-05-24,1173,1.0,1000000,1000000,0.0
2024-05-25,824,1.0,1000000,1000000,0.0
2024-05-26,800,1.0,1000000,1000000,0.0
2024-05-27,917,1.0,1000000,1000000,0.0
2024-05-28,798,1.0,1000000,1000000,0.0
2024-05-29,1062,1.0,1000000,1000000,0.0
2024-05-30,1149,1.0,1000000,1000000,0.0
2024-05-31,961,1.0,1000000,1000000,0.0
2024-06-01,885,1.0,1000000,1000000,0.0
2024-06-02,747,1.0,1000000,1000000,0.0
2024-06-03,776,1.0,1000000,1000000,0.0
2024-06-04,892,1.0,1000000,1000000,0.0
2024-06-05,601,1.0,1000000,1000000,0.0
2024-06-06,627,1.0,1000000,1000000,0.0
2024-06-07,1007,1.0,1000000,1000000,0.0
2024-06-08,785,1.0,1000000,1000000,0.0
2024-06-09,700,1.0,1000000,1000000,0.0
2024-06-10,908,1.0,1000000,1000000,0.0
2024-06-11,1128,1.0,1000000,1000000,0.0
2024-06-12,934,1.0,1000000,1000000,0.0
2024-06-13,1154,1.0,1000000,1000000,0.0
2024-06-14,1368,1.0,1000000,1000000,0.0
2024-06-15,789,1.0,1000000,1000000,0.0
2024-06-16,799,1.0,1000000,1000000,0.0
2024-06-17,1130,1.0,1000000,1000000,0.0
2024-06-18,1204,1.0,1000000,1000000,0.0
2024-06-19,935,1.0,1000000,1000000,0.0
2024-06-20,816,1.0,1000000,1000000,0.0
2024-06-21,1027,1.0,1000000,1000000,0.0
2024-06-22,877,1.0,1000000,1000000,0.0
2024-06-23,1049,1.0,1000000,1000000,0.0
2024-06-24,1597,1.0,1000000,1000000,0.0
2024-06-25,1196,1.0,1000000,1000000,0.0
2024-06-26,982,1.0,1000000,1000000,0.0
2024-06-27,999,1.0,1000000,1000000,0.0
2024-06-28,1161,1.0,1000000,1000000,0.0
2024-06-29,918,1.0,1000000,1000000,0.0
2024-06-30,1131,1.0,1000000,1000000,0.0
2024-07-01,1025,1.0,1000000,1000000,0.0
2024-07-02,1012,1.0,1000000,1000000,0.0
2024-07-03,1158,1.0,1000000,1000000,0.0
2024-07-04,1512,1.0,1000000,1000000,0.0
2024-07-05,1531,1.0,1000000,1000000,0.0
2024-07-06,428,1.0,1000000,1000000,0.0
2024-07-07,571,1.0,1000000,1000000,0.0
2024-07-08,1116,1.0,1000000,1000000,0.0
2024-07-09,601,1.0,1000000,1000000,0.0
2024-07-10,431,1.0,1000000,1000000,0.0
2024-07-11,512,1.0,1000000,1000000,0.0
2024-07-12,396,1.0,1000000,1000000,0.0
2024-07-18,520,1.0,1000000,1000000,0.0
2024-07-19,532,1.0,1000000,1000000,0.0
2024-07-24,176,1.0,1000000,1000000,0.0
2024-07-25,1376,1.0,1000000,1000000,0.0
2024-07-26,1235,1.0,1000000,1000000,0.0
2024-07-27,369,1.0,1000000,1000000,0.0
2024-07-28,434,1.0,1000000,1000000,0.0
2024-07-29,1014,1.0,1000000,1000000,0.0
2024-07-30,843,1.0,1000000,1000000,0.0
2024-07-31,974,1.0,1000000,1000000,0.0
2024-08-01,1229,1.0,1000000,1000000,0.0
2024-08-02,1620,1.0,1000000,1000000,0.0
2024-08-03,2112,1.0,1000000,1000000,0.0
2024-08-04,2200,1.0,1000000,1000000,0.0
2024-08-05,2190,1.0,1000000,1000000,0.0
2024-08-27,257,1.0,1000000,1000000,0.0
2024-08-30,483,1.0,1000000,1000000,0.0
2024-08-31,338,1.0,1000000,1000000,0.0
2024-09-01,461,1.0,1000000,1000000,0.0
2024-09-02,408,1.0,1000000,1000000,0.0
2024-09-03,734,1.0,1000000,1000000,0.0
2024-09-04,1138,1.0,1000000,1000000,0.0
2024-09-05,438,1.0,1000000,1000000,0.0
2024-09-06,1395,1.0,1000000,1000000,0.0
2024-09-07,1021,1.0,1000000,1000000,0.0
2024-09-08,826,1.0,1000000,1000000,0.0
2024-09-09,417,1.0,1000000,1000000,0.0
2024-09-10,430,1.0,1000000,1000000,0.0
2024-09-11,469,1.0,1000000,1000000,0.0
2024-09-12,415,1.0,1000000,1000000,0.0
2024-09-13,274,1.0,1000000,1000000,0.0
2024-09-16,379,1.0,1000000,1000000,0.0
2024-09-17,289,1.0,1000000,1000000,0.0
2024-09-18,256,1.0,1000000,1000000,0.0
2024-09-20,251,1.0,1000000,1000000,0.0
2024-09-21,246,1.0,1000000,1000000,0.0
2024-09-22,210,1.0,1000000,1000000,0.0
2024-09-23,367,1.0,1000000,1000000,0.0
2024-09-24,336,1.0,1000000,1000000,0.0
2024-09-25,345,1.0,1000000,1000000,0.0
2024-09-26,391,1.0,1000000,1000000,0.0
2024-09-30,365,1.0,1000000,1000000,0.0
2024-10-01,1065,1.0,1000000,1000000,0.0
2024-10-02,943,1.0,1000000,1000000,0.0
2024-10-03,871,1.0,1000000,1000000,0.0
2024-10-04,962,1.0,1000000,1000000,0.0
2024-10-05,288,1.0,1000000,1000000,0.0
2024-10-06,304,1.0,1000000,1000000,0.0
2024-10-07,567,1.0,1000000,1000000,0.0
2024-10-08,736,1.0,1000000,1000000,0.0
2024-10-09,733,1.0,1000000,1000000,0.0
2024-10-10,1011,1.0,1000000,1000000,0.0
2024-10-11,854,1.0,1000000,1000000,0.0
2024-10-12,729,1.0,1000000,1000000,0.0
2024-10-13,659,1.0,1000000,1000000,0.0
2024-10-14,944,1.0,1000000,1000000,0.0
2024-10-15,803,1.0,1000000,1000000,0.0
2024-10-16,662,1.0,1000000,1000000,0.0
2024-10-17,533,1.0,1000000,1000000,0.0
2024-10-18,470,1.0,1000000,1000000,0.0
2024-10-19,235,1.0,1000000,1000000,0.0
2024-10-20,434,1.0,1000000,1000000,0.0
2024-10-21,861,1.0,1000000,1000000,0.0
2024-10-22,765,1.0,1000000,1000000,0.0
2024-10-23,883,1.0,1000000,1000000,0.0
2024-10-24,794,1.0,1000000,1000000,0.0
2024-10-25,1403,1.0,1000000,1000000,0.0
2024-10-26,911,1.0,1000000,1000000,0.0
2024-10-27,731,1.0,1000000,1000000,0.0
2024-10-28,880,1.0,1000000,1000000,0.0
2024-10-29,1008,1.0,1000000,1000000,0.0
2024-10-30,926,1.0,1000000,1000000,0.0
2024-10-31,1015,1.0,1000000,1000000,0.0
2024-11-01,1066,1.0,1000000,1000000,0.0
2024-11-02,780,1.0,1000000,1000000,0.0
2024-11-03,891,1.0,1000000,1000000,0.0
2024-11-04,951,1.0,1000000,1000000,0.0
2024-11-05,865,1.0,1000000,1000000,0.0
2024-11-06,226,1.0,1000000,1000000,0.0
2024-11-17,306,1.0,1000000,1000000,0.0
2024-11-18,203,1.0,1000000,1000000,0.0
2024-11-25,128,1.0,1000000,1000000,0.0
2024-11-26,612,1.0,1000000,1000000,0.0
2024-11-27,680,1.0,1000000,1000000,0.0
2024-12-09,574,1.0,1000000,1000000,0.0
2024-12-14,303,1.0,1000000,1000000,0.0
2024-12-15,1004,1.0,1000000,1000000,0.0
2024-12-16,1064,1.0,1000000,1000000,0.0
2024-12-17,399,1.0,1000000,1000000,0.0
2024-12-18,989,1.0,1000000,1000000,0.0
2024-12-19,1583,1.0,1000000,1000000,0.0
2024-12-20,1879,1.0,1000000,1000000,0.0
2024-12-21,1197,1.0,1000000,1000000,0.0
2024-12-22,1192,1.0,1000000,1000000,0.0
2024-12-23,1567,1.0,1000000,1000000,0.0
2024-12-24,1425,1.0,1000000,1000000,0.0
2024-12-25,935,1.0,1000000,1000000,0.0
2024-12-26,1279,1.0,1000000,1000000,0.0
2024-12-27,1436,1.0,1000000,1000000,0.0
2024-12-28,1472,1.0,1000000,1000000,0.0
2024-12-29,1743,1.0,1000000,1000000,0.0
2024-12-30,2416,1.0,1000000,1000000,0.0
2024-12-31,1548,1.0,1000000,1000000,0.0
2025-01-01,1010,1.0,1000000,1000000,0.0
2025-01-02,1037,1.0,1000000,1000000,0.0
2025-01-03,1180,1.0,1000000,1000000,0.0
2025-01-04,890,1.0,1000000,1000000,0.0
2025-01-05,843,1.0,1000000,1000000,0.0
2025-01-06,756,1.0,1000000,1000000,0.0
2025-01-07,656,1.0,1000000,1000000,0.0
2025-01-08,1217,1.0,1000000,1000000,0.0
2025-01-09,1433,1.0,1000000,1000000,0.0
2025-01-10,1022,1.0,1000000,1000000,0.0
2025-01-11,863,1.0,1000000,1000000,0.0
2025-01-12,912,1.0,1000000,1000000,0.0
2025-01-13,1644,1.0,1000000,1000000,0.0
2025-01-14,1063,1.0,1000000,1000000,0.0
2025-01-15,850,1.0,1000000,1000000,0.0
2025-01-16,955,1.0,1000000,1000000,0.0
2025-01-17,663,1.0,1000000,1000000,0.0
2025-01-18,1047,1.0,1000000,1000000,0.0
2025-01-19,1824,1.0,1000000,1000000,0.0
2025-01-20,1397,1.0,1000000,1000000,0.0
2025-01-21,1445,1.0,1000000,1000000,0.0
2025-01-22,1235,1.0,1000000,1000000,0.0
2025-01-23,1085,1.0,1000000,1000000,0.0
2025-01-24,655,1.0,1000000,1000000,0.0
2025-01-25,840,1.0,1000000,1000000,0.0
2025-01-26,1195,1.0,1000000,1000000,0.0
2025-01-27,1823,1.0,1000000,1000000,0.0
2025-01-28,1293,1.0,1000000,1000000,0.0
2025-01-29,1351,1.0,1000000,1000000,0.0
2025-01-30,785,1.0,1000000,1000000,0.0
2025-01-31,1032,1.0,1000000,1000000,0.0
2025-02-01,1429,1.0,1000000,1000000,0.0
2025-02-02,1964,1.0,1000000,1000000,0.0
2025-02-03,755,1.0,1000000,1000000,0.0
2025-02-08,674,1.0,1000000,1000000,0.0
2025-02-09,158,1.0,1000000,1000000,0.0
2025-02-11,291,1.0,1000000,1000000,0.0
2025-02-12,1477,1.0,1000000,1000000,0.0
2025-02-13,679,1.0,1000000,1000000,0.0
2025-02-14,188,1.0,1000000,1000000,0.0
2025-02-15,165,1.0,1000000,1000000,0.0
2025-02-16,256,1.0,1000000,1000000,0.0
2025-02-17,192,1.0,1000000,1000000,0.0
2025-02-18,1642,1.0,1000000,1000000,0.0
2025-02-19,1670,1.0,1000000,1000000,0.0
2025-02-20,442,1.0,1000000,1000000,0.0
2025-02-21,690,1.0,1000000,1000000,0.0
2025-02-22,1122,1.0,1000000,1000000,0.0
2025-02-23,142,1.0,1000000,1000000,0.0
2025-02-24,915,1.0,1000000,1000000,0.0
2025-02-25,2926,1.0,1000000,1000000,0.0
2025-02-26,2394,1.0,1000000,1000000,0.0
2025-02-27,2259,1.0,1000000,1000000,0.0
2025-02-28,3139,1.0,1000000,1000000,0.0
2025-03-01,1429,1.0,1000000,1000000,0.0
2025-03-02,1453,1.0,1000000,1000000,0.0
2025-03-03,2580,1.0,1000000,1000000,0.0
2025-03-04,2882,1.0,1000000,1000000,0.0
2025-03-05,1640,1.0,1000000,1000000,0.0
2025-03-06,1046,1.0,1000000,1000000,0.0
2025-03-07,931,1.0,1000000,1000000,0.0
2025-03-08,1542,1.0,1000000,1000000,0.0
2025-03-09,1620,1.0,1000000,1000000,0.0
2025-03-10,1655,1.0,1000000,1000000,0.0
2025-03-11,2540,1.0,1000000,1000000,0.0
2025-03-12,1830,1.0,1000000,1000000,0.0
2025-03-13,1837,1.0,1000000,1000000,0.0
2025-03-14,1474,1.0,1000000,1000000,0.0
2025-03-15,626,1.0,1000000,1000000,0.0
2025-03-16,765,1.0,1000000,1000000,0.0
2025-03-17,818,1.0,1000000,1000000,0.0
2025-03-18,1110,1.0,1000000,1000000,0.0
2025-03-19,477,1.0,1000000,1000000,0.0
2025-03-20,807,1.0,1000000,1000000,0.0
2025-03-21,1171,1.0,1000000,1000000,0.0
2025-03-22,817,1.0,1000000,1000000,0.0
2025-03-23,684,1.0,1000000,1000000,0.0
2025-03-24,423,1.0,1000000,1000000,0.0
2025-03-25,129,1.0,1000000,1000000,0.0
2025-03-27,490,1.0,1000000,1000000,0.0
2025-03-28,1260,1.0,1000000,1000000,0.0
2025-03-29,1075,1.0,1000000,1000000,0.0
2025-03-30,1069,1.0,1000000,1000000,0.0
2025-03-31,758,1.0,1000000,1000000,0.0
2025-04-01,941,1.0,1000000,1000000,0.0
2025-04-02,777,1.0,1000000,1000000,0.0
2025-04-03,1266,1.0,1000000,1000000,0.0
2025-04-04,1572,1.0,1000000,1000000,0.0
2025-04-05,918,1.0,1000000,1000000,0.0
2025-04-06,1733,1.0,1000000,1000000,0.0
2025-04-07,2551,1.0,1000000,1000000,0.0
2025-04-08,1695,1.0,1000000,1000000,0.0
2025-04-09,2197,1.0,1000000,1000000,0.0
2025-04-10,4907,1.0,1000000,1000000,0.0
2025-04-11,3551,1.0,1000000,1000000,0.0
2025-04-12,2090,1.0,1000000,1000000,0.0
2025-04-13,1670,1.0,1000000,1000000,0.0
2025-04-14,1786,1.0,1000000,1000000,0.0
2025-04-15,837,1.0,1000000,1000000,0.0
2025-04-16,707,1.0,1000000,1000000,0.0
2025-04-17,1133,1.0,1000000,1000000,0.0
2025-04-18,815,1.0,1000000,1000000,0.0
2025-04-19,507,1.0,1000000,1000000,0.0
2025-04-20,433,1.0,1000000,1000000,0.0
2025-04-21,469,1.0,1000000,1000000,0.0
2025-04-22,517,1.0,1000000,1000000,0.0
2025-04-30,103,1.0,1000000,1000000,0.0
2025-05-01,399,1.0,1000000,1000000,0.0
2025-05-04,133,1.0,1000000,1000000,0.0
2025-05-05,331,1.0,1000000,1000000,0.0
2025-05-06,978,1.0,1000000,1000000,0.0
2025-05-07,825,1.0,1000000,1000000,0.0
2025-05-08,553,1.0,1000000,1000000,0.0
2025-05-09,967,1.0,1000000,1000000,0.0
2025-05-10,509,1.0,1000000,1000000,0.0
2025-05-12,117,1.0,1000000,1000000,0.0
2025-05-13,493,1.0,1000000,1000000,0.0
2025-05-14,247,1.0,1000000,1000000,0.0
2025-07-07,112,1.0,1000000,1000000,0.0
2025-07-08,395,1.0,1000000,1000000,0.0
2025-07-15,379,1.0,1000000,1000000,0.0
2025-07-16,256,1.0,1000000,1000000,0.0
2025-07-29,242,1.0,1000000,1000000,0.0
2025-07-30,478,1.0,1000000,1000000,0.0
2025-07-31,550,1.0,1000000,1000000,0.0
2025-08-01,1303,1.0,1000000,1000000,0.0
2025-08-02,1658,1.0,1000000,1000000,0.0
2025-08-03,803,1.0,1000000,1000000,0.0
2025-08-04,241,1.0,1000000,1000000,0.0
2025-08-05,720,1.0,1000000,1000000,0.0
2025-08-06,573,1.0,1000000,1000000,0.0
2025-08-11,526,1.0,1000000,1000000,0.0
2025-08-12,435,1.0,1000000,1000000,0.0
2025-08-13,332,1.0,1000000,1000000,0.0
2025-08-19,124,1.0,1000000,1000000,0.0
2025-08-20,244,1.0,1000000,1000000,0.0
2025-08-21,401,1.0,1000000,1000000,0.0
2025-08-22,945,1.0,1000000,1000000,0.0
2025-08-23,1890,1.0,1000000,1000000,0.0
2025-08-24,2068,1.0,1000000,1000000,0.0
2025-08-25,1129,1.0,1000000,1000000,0.0
2025-08-31,122,1.0,1000000,1000000,0.0
2025-09-01,287,1.0,1000000,1000000,0.0
2025-09-02,208,1.0,1000000,1000000,0.0
2025-10-17,111,1.0,1000000,1000000,0.0
2025-10-28,152,1.0,1000000,1000000,0.0
2025-10-31,1109,1.0,1000000,1000000,0.0
2025-11-01,1072,1.0,1000000,1000000,0.0
2025-11-02,791,1.0,1000000,1000000,0.0
2025-11-03,532,1.0,1000000,1000000,0.0
2025-11-04,1567,1.0,1000000,1000000,0.0
2025-11-05,801,1.0,1000000,1000000,0.0
2025-11-06,1653,1.0,1000000,1000000,0.0
2025-11-07,1514,1.0,1000000,1000000,0.0
2025-11-08,1060,1.0,1000000,1000000,0.0
2025-11-09,982,1.0,1000000,1000000,0.0
2025-11-10,884,1.0,1000000,1000000,0.0
2025-11-11,1102,1.0,1000000,1000000,0.0
2025-11-12,891,1.0,1000000,1000000,0.0
2025-11-13,1072,1.0,1000000,1000000,0.0
2025-11-14,1840,1.0,1000000,1000000,0.0
2025-11-15,1169,1.0,1000000,1000000,0.0
2025-11-16,2014,1.0,1000000,1000000,0.0
2025-11-17,2292,1.0,1000000,1000000,0.0
2025-11-18,2195,1.0,1000000,1000000,0.0
2025-11-19,3188,1.0,1000000,1000000,0.0
2025-11-20,5220,1.0,1000000,1000000,0.0
2025-11-21,2165,1.0,1000000,1000000,0.0
2025-11-22,956,1.0,1000000,1000000,0.0
2025-11-23,869,1.0,1000000,1000000,0.0
2025-11-24,1428,1.0,1000000,1000000,0.0
2025-11-25,1596,1.0,1000000,1000000,0.0
2025-11-26,1325,1.0,1000000,1000000,0.0
2025-11-27,611,1.0,1000000,1000000,0.0
2025-11-28,295,1.0,1000000,1000000,0.0
2025-12-01,424,1.0,1000000,1000000,0.0
2025-12-09,113,1.0,1000000,1000000,0.0
2025-12-16,740,1.0,1000000,1000000,0.0
2025-12-17,707,1.0,1000000,1000000,0.0
2025-12-18,1159,1.0,1000000,1000000,0.0
2025-12-19,1099,1.0,1000000,1000000,0.0
2025-12-20,498,1.0,1000000,1000000,0.0
2025-12-21,703,1.0,1000000,1000000,0.0
2025-12-22,885,1.0,1000000,1000000,0.0
2025-12-23,848,1.0,1000000,1000000,0.0
2025-12-24,836,1.0,1000000,1000000,0.0
2025-12-25,552,1.0,1000000,1000000,0.0
2025-12-26,989,1.0,1000000,1000000,0.0
2025-12-27,534,1.0,1000000,1000000,0.0
2025-12-28,726,1.0,1000000,1000000,0.0
2025-12-29,1037,1.0,1000000,1000000,0.0
2025-12-30,885,1.0,1000000,1000000,0.0
2025-12-31,868,1.0,1000000,1000000,0.0
2026-01-01,584,1.0,1000000,1000000,0.0
2026-01-02,950,1.0,1000000,1000000,0.0
2026-01-03,729,1.0,1000000,1000000,0.0
2026-01-04,564,1.0,1000000,1000000,0.0
2026-01-05,812,1.0,1000000,1000000,0.0
2026-01-06,649,1.0,1000000,1000000,0.0
2026-01-07,847,1.0,1000000,1000000,0.0
2026-01-08,794,1.0,1000000,1000000,0.0
2026-01-09,867,1.0,1000000,1000000,0.0
2026-01-10,606,1.0,1000000,1000000,0.0
2026-01-11,586,1.0,1000000,1000000,0.0
2026-01-12,808,1.0,1000000,1000000,0.0
2026-01-13,1119,1.0,1000000,1000000,0.0
2026-01-14,619,1.0,1000000,1000000,0.0
2026-01-15,320,1.0,1000000,1000000,0.0
2026-01-16,580,1.0,1000000,1000000,0.0
2026-01-17,1476,1.0,1000000,1000000,0.0
2026-01-18,1401,1.0,1000000,1000000,0.0
2026-01-19,1628,1.0,1000000,1000000,0.0
2026-01-20,1361,1.0,1000000,1000000,0.0
2026-01-21,1037,1.0,1000000,1000000,0.0
2026-01-22,988,1.0,1000000,1000000,0.0
2026-01-23,1254,1.0,1000000,1000000,0.0
2026-01-24,936,1.0,1000000,1000000,0.0
2026-01-25,1026,1.0,1000000,1000000,0.0
2026-01-26,1127,1.0,1000000,1000000,0.0
2026-01-27,1254,1.0,1000000,1000000,0.0
2026-01-28,1095,1.0,1000000,1000000,0.0
2026-01-29,1424,1.0,1000000,1000000,0.0
2026-01-30,1475,1.0,1000000,1000000,0.0
2026-01-31,1959,1.0,1000000,1000000,0.0
2026-02-01,1494,1.0,1000000,1000000,0.0
2026-02-02,1858,1.0,1000000,1000000,0.0
2026-02-03,1804,1.0,1000000,1000000,0.0
2026-02-04,2043,1.0,1000000,1000000,0.0
2026-02-05,3340,1.0,1000000,1000000,0.0
2026-02-06,2195,1.0,1000000,1000000,0.0
2026-02-07,1423,1.0,1000000,1000000,0.0
2026-02-08,967,1.0,1000000,1000000,0.0
2026-02-09,1262,1.0,1000000,1000000,0.0
2026-02-10,1282,1.0,1000000,1000000,0.0
2026-02-11,1438,1.0,1000000,1000000,0.0
2026-02-12,1280,1.0,1000000,1000000,0.0
2026-02-13,1069,1.0,1000000,1000000,0.0
2026-02-14,824,1.0,1000000,1000000,0.0
2026-02-15,1046,1.0,1000000,1000000,0.0
2026-02-16,937,1.0,1000000,1000000,0.0
2026-02-17,619,1.0,1000000,1000000,0.0
2026-02-18,700,1.0,1000000,1000000,0.0
2026-02-19,1375,1.0,1000000,1000000,0.0
2026-02-20,973,1.0,1000000,1000000,0.0
2026-02-21,753,1.0,1000000,1000000,0.0
2026-02-22,673,1.0,1000000,1000000,0.0
2026-02-23,1428,1.0,1000000,1000000,0.0
2026-02-24,1182,1.0,1000000,1000000,0.0
2026-02-25,436,1.0,1000000,1000000,0.0
2026-02-26,320,1.0,1000000,1000000,0.0
2026-02-27,530,1.0,1000000,1000000,0.0
2026-02-28,648,1.0,1000000,1000000,0.0
2026-03-01,318,1.0,1000000,1000000,0.0
2026-03-02,732,1.0,1000000,1000000,0.0
2026-03-03,867,1.0,1000000,1000000,0.0
2026-03-04,420,1.0,1000000,1000000,0.0
2026-03-06,213,1.0,1000000,1000000,0.0
2026-03-07,433,1.0,1000000,1000000,0.0
2026-03-08,577,1.0,1000000,1000000,0.0
2026-03-09,694,1.0,1000000,1000000,0.0
2026-03-10,354,1.0,1000000,1000000,0.0
2026-03-11,311,1.0,1000000,1000000,0.0
2026-03-12,178,1.0,1000000,1000000,0.0
2026-03-13,269,1.0,1000000,1000000,0.0
2026-03-19,104,1.0,1000000,1000000,0.0
2026-03-20,589,1.0,1000000,1000000,0.0
2026-03-21,388,1.0,1000000,1000000,0.0
2026-03-22,1130,1.0,1000000,1000000,0.0
2026-03-23,1230,1.0,1000000,1000000,0.0
2026-03-24,1222,1.0,1000000,1000000,0.0
2026-03-25,1256,1.0,1000000,1000000,0.0
2026-03-26,1250,1.0,1000000,1000000,0.0
2026-03-27,1090,1.0,1000000,1000000,0.0
2026-03-28,685,1.0,1000000,1000000,0.0
2026-03-29,669,1.0,1000000,1000000,0.0
2026-03-30,862,1.0,1000000,1000000,0.0
2026-03-31,1010,1.0,1000000,1000000,0.0
2026-04-01,1087,1.0,1000000,1000000,0.0
2026-04-02,1137,1.0,1000000,1000000,0.0
2026-04-03,389,1.0,1000000,1000000,0.0
2026-04-04,258,1.0,1000000,1000000,0.0
2026-04-05,389,1.0,1000000,1000000,0.0
2026-04-06,600,1.0,1000000,1000000,0.0
2026-04-07,376,1.0,1000000,1000000,0.0
2026-04-08,376,1.0,1000000,1000000,0.0
2026-04-09,113,1.0,1000000,1000000,0.0
2026-04-28,190,1.0,1000000,1000000,0.0
2026-04-29,513,1.0,1000000,1000000,0.0
2026-04-30,992,1.0,1000000,1000000,0.0
2026-05-01,1025,1.0,1000000,1000000,0.0
2026-05-02,351,1.0,1000000,1000000,0.0
2026-05-03,691,1.0,1000000,1000000,0.0
2026-05-04,890,1.0,1000000,1000000,0.0
2026-05-05,481,1.0,1000000,1000000,0.0
2026-05-06,544,1.0,1000000,1000000,0.0
2026-05-07,963,1.0,1000000,1000000,0.0
2026-05-08,746,1.0,1000000,1000000,0.0
2026-05-09,719,1.0,1000000,1000000,0.0
2026-05-10,671,1.0,1000000,1000000,0.0
2026-05-11,1058,1.0,1000000,1000000,0.0
2026-05-12,1250,1.0,1000000,1000000,0.0
2026-05-13,1148,1.0,1000000,1000000,0.0
2026-05-14,1031,1.0,1000000,1000000,0.0
2026-05-15,861,1.0,1000000,1000000,0.0
2026-05-16,794,1.0,1000000,1000000,0.0
2026-05-17,784,1.0,1000000,1000000,0.0
2026-05-18,1270,1.0,1000000,1000000,0.0
2026-05-19,1018,1.0,1000000,1000000,0.0
2026-05-20,1319,1.0,1000000,1000000,0.0
2026-05-21,1273,1.0,1000000,1000000,0.0
2026-05-22,1118,1.0,1000000,1000000,0.0
2026-05-23,1135,1.0,1000000,1000000,0.0
2026-05-24,954,1.0,1000000,1000000,0.0
2026-05-25,1267,1.0,1000000,1000000,0.0
2026-05-26,1383,1.0,1000000,1000000,0.0
2026-05-27,1264,1.0,1000000,1000000,0.0
2026-05-28,1448,1.0,1000000,1000000,0.0
2026-05-29,1258,1.0,1000000,1000000,0.0
2026-05-30,851,1.0,1000000,1000000,0.0
2026-05-31,966,1.0,1000000,1000000,0.0
2026-06-01,1303,1.0,1000000,1000000,0.0
2026-06-02,2046,1.0,1000000,1000000,0.0
2026-06-03,2876,1.0,1000000,1000000,0.0
2026-06-04,2144,1.0,1000000,1000000,0.0
2026-06-05,2468,1.0,1000000,1000000,0.0
2026-06-06,1131,1.0,1000000,1000000,0.0
2026-06-07,959,1.0,1000000,1000000,0.0
2026-06-08,1614,1.0,1000000,1000000,0.0
2026-06-09,1373,1.0,1000000,1000000,0.0
2026-06-10,1168,1.0,1000000,1000000,0.0
2026-06-11,1205,1.0,1000000,1000000,0.0
2026-06-12,1156,1.0,1000000,1000000,0.0
2026-06-13,583,1.0,1000000,1000000,0.0
2026-06-14,828,1.0,1000000,1000000,0.0
2026-06-15,1346,1.0,1000000,1000000,0.0
2026-06-16,1139,1.0,1000000,1000000,0.0
2026-06-17,1371,1.0,1000000,1000000,0.0
2026-06-18,1476,1.0,1000000,1000000,0.0
2026-06-19,970,1.0,1000000,1000000,0.0
2026-06-20,825,1.0,1000000,1000000,0.0
2026-06-21,604,1.0,1000000,1000000,0.0
2026-06-22,1052,1.0,1000000,1000000,0.0
2026-06-23,1058,1.0,1000000,1000000,0.0
2026-06-24,1314,1.0,1000000,1000000,0.0
2026-06-25,1604,1.0,1000000,1000000,0.0
2026-06-26,1128,1.0,1000000,1000000,0.0
2026-06-27,936,1.0,1000000,1000000,0.0
2026-06-28,727,1.0,1000000,1000000,0.0
2026-06-29,1725,1.0,1000000,1000000,0.0
2026-06-30,1195,1.0,1000000,1000000,0.0
2026-07-01,1318,1.0,1000000,1000000,0.0
2026-07-02,1454,1.0,1000000,1000000,0.0
2026-07-03,1324,1.0,1000000,1000000,0.0
2026-07-04,994,1.0,1000000,1000000,0.0
2026-07-05,789,1.0,1000000,1000000,0.0
2026-07-06,1345,1.0,1000000,1000000,0.0
2026-07-07,1302,1.0,1000000,1000000,0.0
2026-07-08,1385,1.0,1000000,1000000,0.0
2026-07-09,1221,1.0,1000000,1000000,0.0
2026-07-10,1265,1.0,1000000,1000000,0.0
2026-07-11,1173,1.0,1000000,1000000,0.0
2026-07-12,1109,1.0,1000000,1000000,0.0
2026-07-13,1291,1.0,1000000,1000000,0.0
2026-07-14,1337,1.0,1000000,1000000,0.0
2026-07-15,1620,1.0,1000000,1000000,0.0
2026-07-16,1236,1.0,1000000,1000000,0.0
2026-07-17,1369,1.0,1000000,1000000,0.0
2026-07-18,907,1.0,1000000,1000000,0.0
2026-07-19,731,1.0,1000000,1000000,0.0
2026-07-20,1049,1.0,1000000,1000000,0.0
2026-07-21,1035,1.0,1000000,1000000,0.0
2026-07-22,1153,1.0,1000000,1000000,0.0
2026-07-23,1017,1.0,1000000,1000000,0.0
2026-07-24,883,1.0,1000000,1000000,0.0
2026-07-25,657,1.0,1000000,1000000,0.0
2026-07-26,737,1.0,1000000,1000000,0.0
2026-07-27,1388,1.0,1000000,1000000,0.0
2026-07-28,1728,1.0,1000000,1000000,0.0
2026-07-29,1429,1.0,1000000,1000000,0.0
2026-07-30,1688,1.0,1000000,1000000,0.0
2026-07-31,1438,1.0,1000000,1000000,0.0
2026-08-01,1173,1.0,1000000,1000000,0.0
2026-08-02,981,1.0,1000000,1000000,0.0
2026-08-03,1379,1.0,1000000,1000000,0.0
2026-08-04,1557,1.0,1000000,1000000,0.0
2026-08-05,1567,1.0,1000000,1000000,0.0
2026-08-06,1362,1.0,1000000,1000000,0.0
2026-08-07,1272,1.0,1000000,1000000,0.0
2026-08-08,1202,1.0,1000000,1000000,0.0
2026-08-09,134,1.0,1000000,1000000,0.0
