d,contract_address,whale_tx,whale_vol,date
2022-05-22 00:00:00.000 UTC,0x7b6e3c717bf630751f1aeba0645c6ba939decd11,1,4200000000000000000000000000,2022-05-22
2022-05-23 00:00:00.000 UTC,0x7b6e3c717bf630751f1aeba0645c6ba939decd11,0,,2022-05-23
2022-05-24 00:00:00.000 UTC,0x7b6e3c717bf630751f1aeba0645c6ba939decd11,0,,2022-05-24
2022-10-22 00:00:00.000 UTC,0xe88ddc8a0217f7b0f588b82f3924acc143aa23b2,2,2000000000000000,2022-10-22
2022-10-23 00:00:00.000 UTC,0xe88ddc8a0217f7b0f588b82f3924acc143aa23b2,0,,2022-10-23
2022-10-24 00:00:00.000 UTC,0xe88ddc8a0217f7b0f588b82f3924acc143aa23b2,0,,2022-10-24
2022-10-26 00:00:00.000 UTC,0xe88ddc8a0217f7b0f588b82f3924acc143aa23b2,0,,2022-10-26
2022-11-20 00:00:00.000 UTC,0xe88ddc8a0217f7b0f588b82f3924acc143aa23b2,0,,2022-11-20
2023-02-22 00:00:00.000 UTC,0xe8eb18f2dee5228f6e91b96805e0954c5e4f5066,1,10000000000000000000000000,2023-02-22
2023-02-23 00:00:00.000 UTC,0xe8eb18f2dee5228f6e91b96805e0954c5e4f5066,0,,2023-02-23
2023-02-24 00:00:00.000 UTC,0xe8eb18f2dee5228f6e91b96805e0954c5e4f5066,0,,2023-02-24
2023-02-25 00:00:00.000 UTC,0xe8eb18f2dee5228f6e91b96805e0954c5e4f5066,0,,2023-02-25
2023-02-26 00:00:00.000 UTC,0xe8eb18f2dee5228f6e91b96805e0954c5e4f5066,0,,2023-02-26
2023-02-27 00:00:00.000 UTC,0xe8eb18f2dee5228f6e91b96805e0954c5e4f5066,0,,2023-02-27
2024-08-13 00:00:00.000 UTC,0x4f52242c11712f9a5e2c0cdbd33946b53885652f,1,0,2024-08-13
2025-04-22 00:00:00.000 UTC,0x6dc6d183c44761cd2f3bb74cf3639827da747ad6,1,58079703720000000000,2025-04-22
2026-01-22 00:00:00.000 UTC,0x63e252e7133008da5f855426bee9a2ce19b83747,1,1000000000000000000000,2026-01-22
2026-01-31 00:00:00.000 UTC,0x3adca5b2391cda97fdb44786bc127e2c2c36ed1e,0,,2026-01-31
2026-02-01 00:00:00.000 UTC,0x3adca5b2391cda97fdb44786bc127e2c2c36ed1e,0,,2026-02-01
2026-02-10 00:00:00.000 UTC,0x3adca5b2391cda97fdb44786bc127e2c2c36ed1e,0,,2026-02-10
2026-02-14 00:00:00.000 UTC,0x3adca5b2391cda97fdb44786bc127e2c2c36ed1e,1,500000000000000000000000,2026-02-14
2026-02-16 00:00:00.000 UTC,0x3adca5b2391cda97fdb44786bc127e2c2c36ed1e,0,,2026-02-16
2026-03-08 00:00:00.000 UTC,0xffb67ae9d957aa2664f44c017afa67fc9fd6337f,1,2358258568000000000000000000,2026-03-08
2026-03-10 00:00:00.000 UTC,0xffb67ae9d957aa2664f44c017afa67fc9fd6337f,0,,2026-03-10
2026-03-11 00:00:00.000 UTC,0xffb67ae9d957aa2664f44c017afa67fc9fd6337f,0,,2026-03-11
2026-03-12 00:00:00.000 UTC,0xffb67ae9d957aa2664f44c017afa67fc9fd6337f,0,,2026-03-12
2026-03-13 00:00:00.000 UTC,0xffb67ae9d957aa2664f44c017afa67fc9fd6337f,0,,2026-03-13
2026-03-14 00:00:00.000 UTC,0xffb67ae9d957aa2664f44c017afa67fc9fd6337f,0,,2026-03-14
2026-03-15 00:00:00.000 UTC,0xffb67ae9d957aa2664f44c017afa67fc9fd6337f,0,,2026-03-15
2026-03-16 00:00:00.000 UTC,0xffb67ae9d957aa2664f44c017afa67fc9fd6337f,0,,2026-03-16
2026-03-17 00:00:00.000 UTC,0xffb67ae9d957aa2664f44c017afa67fc9fd6337f,0,,2026-03-17
2026-03-18 00:00:00.000 UTC,0xffb67ae9d957aa2664f44c017afa67fc9fd6337f,0,,2026-03-18
2026-03-19 00:00:00.000 UTC,0xffb67ae9d957aa2664f44c017afa67fc9fd6337f,0,,2026-03-19
2026-03-20 00:00:00.000 UTC,0xffb67ae9d957aa2664f44c017afa67fc9fd6337f,0,,2026-03-20
2026-03-21 00:00:00.000 UTC,0x3f3f1af82c569d461f6fe2cfc2e36565110017ee,2,62000000000000000000000000000,2026-03-21
2026-03-21 00:00:00.000 UTC,0xffb67ae9d957aa2664f44c017afa67fc9fd6337f,0,,2026-03-21
2026-03-22 00:00:00.000 UTC,0xffb67ae9d957aa2664f44c017afa67fc9fd6337f,0,,2026-03-22
2026-03-23 00:00:00.000 UTC,0xffb67ae9d957aa2664f44c017afa67fc9fd6337f,0,,2026-03-23
2026-03-25 00:00:00.000 UTC,0xffb67ae9d957aa2664f44c017afa67fc9fd6337f,0,,2026-03-25
2026-03-27 00:00:00.000 UTC,0xffb67ae9d957aa2664f44c017afa67fc9fd6337f,0,,2026-03-27
2026-03-28 00:00:00.000 UTC,0xffb67ae9d957aa2664f44c017afa67fc9fd6337f,0,,2026-03-28
2026-04-06 00:00:00.000 UTC,0xffb67ae9d957aa2664f44c017afa67fc9fd6337f,0,,2026-04-06
2026-04-07 00:00:00.000 UTC,0xffb67ae9d957aa2664f44c017afa67fc9fd6337f,0,,2026-04-07
2026-04-09 00:00:00.000 UTC,0xf42e66c51168ad878f0b8e2a83f86ae12281b9e2,1,200000000000000000000000000,2026-04-09
2026-04-09 00:00:00.000 UTC,0xffb67ae9d957aa2664f44c017afa67fc9fd6337f,0,,2026-04-09
2026-04-10 00:00:00.000 UTC,0xffb67ae9d957aa2664f44c017afa67fc9fd6337f,0,,2026-04-10
2026-04-11 00:00:00.000 UTC,0xffb67ae9d957aa2664f44c017afa67fc9fd6337f,0,,2026-04-11
2026-04-13 00:00:00.000 UTC,0xffb67ae9d957aa2664f44c017afa67fc9fd6337f,0,,2026-04-13
2026-04-14 00:00:00.000 UTC,0xe88ddc8a0217f7b0f588b82f3924acc143aa23b2,0,,2026-04-14
2026-04-14 00:00:00.000 UTC,0xffb67ae9d957aa2664f44c017afa67fc9fd6337f,0,,2026-04-14
2026-04-15 00:00:00.000 UTC,0xffb67ae9d957aa2664f44c017afa67fc9fd6337f,0,,2026-04-15
2026-04-16 00:00:00.000 UTC,0xffb67ae9d957aa2664f44c017afa67fc9fd6337f,0,,2026-04-16
2026-04-25 00:00:00.000 UTC,0xffb67ae9d957aa2664f44c017afa67fc9fd6337f,0,,2026-04-25
2026-04-28 00:00:00.000 UTC,0xf42e66c51168ad878f0b8e2a83f86ae12281b9e2,0,,2026-04-28
2026-05-03 00:00:00.000 UTC,0xffb67ae9d957aa2664f44c017afa67fc9fd6337f,0,,2026-05-03
2026-05-06 00:00:00.000 UTC,0xffb67ae9d957aa2664f44c017afa67fc9fd6337f,0,,2026-05-06
2026-05-09 00:00:00.000 UTC,0xffb67ae9d957aa2664f44c017afa67fc9fd6337f,0,,2026-05-09
2026-05-10 00:00:00.000 UTC,0xffb67ae9d957aa2664f44c017afa67fc9fd6337f,0,,2026-05-10
2026-05-11 00:00:00.000 UTC,0xffb67ae9d957aa2664f44c017afa67fc9fd6337f,0,,2026-05-11
2026-05-12 00:00:00.000 UTC,0xffb67ae9d957aa2664f44c017afa67fc9fd6337f,0,,2026-05-12
2026-05-15 00:00:00.000 UTC,0xffb67ae9d957aa2664f44c017afa67fc9fd6337f,0,,2026-05-15
2026-05-16 00:00:00.000 UTC,0xffb67ae9d957aa2664f44c017afa67fc9fd6337f,0,,2026-05-16
2026-05-19 00:00:00.000 UTC,0xffb67ae9d957aa2664f44c017afa67fc9fd6337f,0,,2026-05-19
2026-05-22 00:00:00.000 UTC,0xffb67ae9d957aa2664f44c017afa67fc9fd6337f,0,,2026-05-22
2026-05-23 00:00:00.000 UTC,0xffb67ae9d957aa2664f44c017afa67fc9fd6337f,0,,2026-05-23
2026-05-26 00:00:00.000 UTC,0x44eeda97b284636ffe04fc7c1ccba511f69ca0fc,1,281527448000000000000000000,2026-05-26
2026-05-26 00:00:00.000 UTC,0xffb67ae9d957aa2664f44c017afa67fc9fd6337f,0,,2026-05-26
2026-05-27 00:00:00.000 UTC,0xf42e66c51168ad878f0b8e2a83f86ae12281b9e2,0,,2026-05-27
2026-06-07 00:00:00.000 UTC,0xffb67ae9d957aa2664f44c017afa67fc9fd6337f,0,,2026-06-07
2026-06-10 00:00:00.000 UTC,0xffb67ae9d957aa2664f44c017afa67fc9fd6337f,0,,2026-06-10
2026-06-12 00:00:00.000 UTC,0xffb67ae9d957aa2664f44c017afa67fc9fd6337f,0,,2026-06-12
2026-06-13 00:00:00.000 UTC,0x44eeda97b284636ffe04fc7c1ccba511f69ca0fc,0,,2026-06-13
2026-06-14 00:00:00.000 UTC,0x44eeda97b284636ffe04fc7c1ccba511f69ca0fc,0,,2026-06-14
2026-06-14 00:00:00.000 UTC,0xffb67ae9d957aa2664f44c017afa67fc9fd6337f,0,,2026-06-14
2026-06-19 00:00:00.000 UTC,0xffb67ae9d957aa2664f44c017afa67fc9fd6337f,0,,2026-06-19
2026-06-20 00:00:00.000 UTC,0xffb67ae9d957aa2664f44c017afa67fc9fd6337f,0,,2026-06-20
2026-06-21 00:00:00.000 UTC,0x87091353661700f2f6bbd9402ad40376af83c4a3,1,100000000000000000000000000000,2026-06-21
2026-06-24 00:00:00.000 UTC,0xffb67ae9d957aa2664f44c017afa67fc9fd6337f,0,,2026-06-24
2026-06-27 00:00:00.000 UTC,0xffb67ae9d957aa2664f44c017afa67fc9fd6337f,0,,2026-06-27
2026-06-28 00:00:00.000 UTC,0xffb67ae9d957aa2664f44c017afa67fc9fd6337f,0,,2026-06-28
2026-06-29 00:00:00.000 UTC,0xffb67ae9d957aa2664f44c017afa67fc9fd6337f,0,,2026-06-29
2026-06-30 00:00:00.000 UTC,0xffb67ae9d957aa2664f44c017afa67fc9fd6337f,0,,2026-06-30
2026-07-03 00:00:00.000 UTC,0xffb67ae9d957aa2664f44c017afa67fc9fd6337f,0,,2026-07-03
2026-07-04 00:00:00.000 UTC,0xffb67ae9d957aa2664f44c017afa67fc9fd6337f,0,,2026-07-04
2026-07-05 00:00:00.000 UTC,0x5e9aa7b07b55942b9e4553b95a5f4b1f8dee7f8b,1,8955413271000000000000000000,2026-07-05
2026-07-05 00:00:00.000 UTC,0xffb67ae9d957aa2664f44c017afa67fc9fd6337f,0,,2026-07-05
2026-07-08 00:00:00.000 UTC,0xffb67ae9d957aa2664f44c017afa67fc9fd6337f,0,,2026-07-08
2026-07-09 00:00:00.000 UTC,0xffb67ae9d957aa2664f44c017afa67fc9fd6337f,0,,2026-07-09
2026-07-10 00:00:00.000 UTC,0xa21f04c70426b93272785d8da28568ee3e9be35c,1,1000000000000000000000000000,2026-07-10
2026-07-10 00:00:00.000 UTC,0xffb67ae9d957aa2664f44c017afa67fc9fd6337f,0,,2026-07-10
2026-07-11 00:00:00.000 UTC,0xffb67ae9d957aa2664f44c017afa67fc9fd6337f,0,,2026-07-11
2026-07-12 00:00:00.000 UTC,0xffb67ae9d957aa2664f44c017afa67fc9fd6337f,0,,2026-07-12
2026-07-13 00:00:00.000 UTC,0xffb67ae9d957aa2664f44c017afa67fc9fd6337f,0,,2026-07-13
2026-07-14 00:00:00.000 UTC,0xffb67ae9d957aa2664f44c017afa67fc9fd6337f,0,,2026-07-14
2026-07-15 00:00:00.000 UTC,0xffb67ae9d957aa2664f44c017afa67fc9fd6337f,0,,2026-07-15
2026-07-16 00:00:00.000 UTC,0xffb67ae9d957aa2664f44c017afa67fc9fd6337f,0,,2026-07-16
2026-07-17 00:00:00.000 UTC,0xffb67ae9d957aa2664f44c017afa67fc9fd6337f,0,,2026-07-17
2026-07-18 00:00:00.000 UTC,0xffb67ae9d957aa2664f44c017afa67fc9fd6337f,0,,2026-07-18
2026-07-19 00:00:00.000 UTC,0x44eeda97b284636ffe04fc7c1ccba511f69ca0fc,0,,2026-07-19
2026-07-19 00:00:00.000 UTC,0xffb67ae9d957aa2664f44c017afa67fc9fd6337f,0,,2026-07-19
2026-07-20 00:00:00.000 UTC,0xffb67ae9d957aa2664f44c017afa67fc9fd6337f,0,,2026-07-20
2026-07-21 00:00:00.000 UTC,0xffb67ae9d957aa2664f44c017afa67fc9fd6337f,0,,2026-07-21
2026-07-22 00:00:00.000 UTC,0xffb67ae9d957aa2664f44c017afa67fc9fd6337f,0,,2026-07-22
2026-07-23 00:00:00.000 UTC,0xffb67ae9d957aa2664f44c017afa67fc9fd6337f,0,,2026-07-23
2026-07-24 00:00:00.000 UTC,0x5e9aa7b07b55942b9e4553b95a5f4b1f8dee7f8b,0,,2026-07-24
2026-07-24 00:00:00.000 UTC,0xffb67ae9d957aa2664f44c017afa67fc9fd6337f,0,,2026-07-24
2026-07-26 00:00:00.000 UTC,0xffb67ae9d957aa2664f44c017afa67fc9fd6337f,0,,2026-07-26
2026-07-27 00:00:00.000 UTC,0xffb67ae9d957aa2664f44c017afa67fc9fd6337f,0,,2026-07-27
2026-07-28 00:00:00.000 UTC,0xffb67ae9d957aa2664f44c017afa67fc9fd6337f,0,,2026-07-28
2026-07-29 00:00:00.000 UTC,0xffb67ae9d957aa2664f44c017afa67fc9fd6337f,0,,2026-07-29
2026-07-30 00:00:00.000 UTC,0x14aa3501295e883f5b2d386d184aa8d22a217528,2,974000000000000000000000000,2026-07-30
2026-07-30 00:00:00.000 UTC,0xffb67ae9d957aa2664f44c017afa67fc9fd6337f,0,,2026-07-30
2026-07-31 00:00:00.000 UTC,0x1c494b3c86a9e1180bbf743585c38ae68501bff7,1,1000000000000000000000000000,2026-07-31
2026-07-31 00:00:00.000 UTC,0xffb67ae9d957aa2664f44c017afa67fc9fd6337f,0,,2026-07-31
2026-08-01 00:00:00.000 UTC,0x4fdba39cf869f07de19bc52d950052f09bb0d15c,1,50000000000000000000000000000,2026-08-01
2026-08-01 00:00:00.000 UTC,0xffb67ae9d957aa2664f44c017afa67fc9fd6337f,0,,2026-08-01
2026-08-02 00:00:00.000 UTC,0x1c3a9e59cb7de90d2a2fb9e3804dd441a25c3deb,1,15000000000000000000000000000,2026-08-02
2026-08-02 00:00:00.000 UTC,0x4fdba39cf869f07de19bc52d950052f09bb0d15c,0,,2026-08-02
2026-08-02 00:00:00.000 UTC,0x985921bc734befa25ab783c568175e55b0b2526e,1,36504642982000000000000000000,2026-08-02
2026-08-02 00:00:00.000 UTC,0xc1a70eaf430abce562e98dd94b01a9c49966bd86,1,720000000000000000000000000,2026-08-02
2026-08-02 00:00:00.000 UTC,0xffb67ae9d957aa2664f44c017afa67fc9fd6337f,0,,2026-08-02
2026-08-03 00:00:00.000 UTC,0x913cea62ba6fdb09eb5a26e9610274a08916333d,2,3400000000000000000000,2026-08-03
2026-08-03 00:00:00.000 UTC,0x96bfeaef2dbfcce5a7ed27b87fcb903c2b619917,1,814066056000000000000000000,2026-08-03
2026-08-03 00:00:00.000 UTC,0x985921bc734befa25ab783c568175e55b0b2526e,0,,2026-08-03
2026-08-03 00:00:00.000 UTC,0xe5f0440aeb406687e2cbcbc36bba01218d73de19,1,522701572000000000000000000,2026-08-03
2026-08-04 00:00:00.000 UTC,0x4fdba39cf869f07de19bc52d950052f09bb0d15c,0,,2026-08-04
2026-08-04 00:00:00.000 UTC,0x96bfeaef2dbfcce5a7ed27b87fcb903c2b619917,0,,2026-08-04
2026-08-04 00:00:00.000 UTC,0x985921bc734befa25ab783c568175e55b0b2526e,0,,2026-08-04
2026-08-04 00:00:00.000 UTC,0xa2836bffaaec450bf98fdb56e24837cc622a64b2,1,1000000000000000000000000000,2026-08-04
2026-08-04 00:00:00.000 UTC,0xe5f0440aeb406687e2cbcbc36bba01218d73de19,0,,2026-08-04
2026-08-04 00:00:00.000 UTC,0xf3697fac5948e95dc1b2ad988eec380d8aaf2e21,3,3000000000000000000000000000,2026-08-04
2026-08-05 00:00:00.000 UTC,0x2aba043ddaf23517c7fc0a613143b3c3ebfa4613,2,9700000000000000000000000000,2026-08-05
2026-08-05 00:00:00.000 UTC,0x96bfeaef2dbfcce5a7ed27b87fcb903c2b619917,0,,2026-08-05
2026-08-05 00:00:00.000 UTC,0x985921bc734befa25ab783c568175e55b0b2526e,0,,2026-08-05
2026-08-05 00:00:00.000 UTC,0xe5f0440aeb406687e2cbcbc36bba01218d73de19,0,,2026-08-05
2026-08-05 00:00:00.000 UTC,0xffb67ae9d957aa2664f44c017afa67fc9fd6337f,0,,2026-08-05
2026-08-06 00:00:00.000 UTC,0x4fdba39cf869f07de19bc52d950052f09bb0d15c,0,,2026-08-06
2026-08-06 00:00:00.000 UTC,0x96bfeaef2dbfcce5a7ed27b87fcb903c2b619917,0,,2026-08-06
2026-08-06 00:00:00.000 UTC,0x985921bc734befa25ab783c568175e55b0b2526e,0,,2026-08-06
2026-08-06 00:00:00.000 UTC,0xe5f0440aeb406687e2cbcbc36bba01218d73de19,0,,2026-08-06
2026-08-07 00:00:00.000 UTC,0x96bfeaef2dbfcce5a7ed27b87fcb903c2b619917,0,,2026-08-07
2026-08-07 00:00:00.000 UTC,0x985921bc734befa25ab783c568175e55b0b2526e,0,,2026-08-07
2026-08-07 00:00:00.000 UTC,0xe5f0440aeb406687e2cbcbc36bba01218d73de19,0,,2026-08-07
2026-08-08 00:00:00.000 UTC,0x96bfeaef2dbfcce5a7ed27b87fcb903c2b619917,0,,2026-08-08
2026-08-08 00:00:00.000 UTC,0xffb67ae9d957aa2664f44c017afa67fc9fd6337f,0,,2026-08-08
2026-08-09 00:00:00.000 UTC,0x985921bc734befa25ab783c568175e55b0b2526e,0,,2026-08-09
2026-08-09 00:00:00.000 UTC,0xe5f0440aeb406687e2cbcbc36bba01218d73de19,0,,2026-08-09
2026-08-09 00:00:00.000 UTC,0xffb67ae9d957aa2664f44c017afa67fc9fd6337f,0,,2026-08-09
