timestamp,symbol,open,high,low,close,volume,funding_rate_8h,open_interest
2026-07-01T00:00:00Z,DOGEUSDT,0.1620,0.1655,0.1610,0.1642,45000000,0.00012,320000000
2026-07-01T04:00:00Z,DOGEUSDT,0.1642,0.1680,0.1635,0.1671,52000000,0.00012,325000000
2026-07-01T08:00:00Z,DOGEUSDT,0.1671,0.1690,0.1650,0.1655,38000000,0.00015,322000000
2026-07-01T00:00:00Z,LINKUSDT,14.20,14.55,14.10,14.48,28000000,0.00008,180000000
2026-07-01T04:00:00Z,LINKUSDT,14.48,14.90,14.40,14.82,35000000,0.00008,185000000
2026-07-01T08:00:00Z,LINKUSDT,14.82,15.10,14.70,14.75,30000000,-0.00005,183000000
2026-07-01T00:00:00Z,BTCUSDT,62000,62500,61800,62350,120000000,0.00010,9500000000
2026-07-01T04:00:00Z,BTCUSDT,62350,62800,62200,62680,135000000,0.00010,9550000000
2026-07-01T08:00:00Z,BTCUSDT,62680,62900,62400,62510,110000000,0.00011,9520000000
